url,pgn,time_control,end_time,rated,fen,time_class,rules,white,black,eco
https://www.chess.com/game/live/15625435365,"[Event ""Live Chess""]
[Site ""Chess.com""]
[Date ""2021.05.24""]
[Round ""-""]
[White ""vitormusachio""]
[Black ""dpgu""]
[Result ""0-1""]
[CurrentPosition ""rb6/1bq2k2/pp2p1p1/2p2p2/2P2N2/3QP1P1/PP3P2/3RRBKr w - -""]
[Timezone ""UTC""]
[ECO ""A85""]
[ECOUrl ""https://www.chess.com/openings/Dutch-Defense-Queens-Knight-Variation""]
[UTCDate ""2021.05.24""]
[UTCTime ""20:02:09""]
[WhiteElo ""1542""]
[BlackElo ""1206""]
[TimeControl ""600+3""]
[Termination ""dpgu won by checkmate""]
[StartTime ""20:02:09""]
[EndDate ""2021.05.24""]
[EndTime ""20:15:58""]
[Link ""https://www.chess.com/game/live/15625435365""]

1. d4 {[%clk 0:10:01.9]} 1... f5 {[%clk 0:09:57.7]} 2. c4 {[%clk 0:09:53.1]} 2... Nf6 {[%clk 0:09:56.6]} 3. Nc3 {[%clk 0:09:53.2]} 3... e6 {[%clk 0:09:41.8]} 4. Bg5 {[%clk 0:09:45.7]} 4... Be7 {[%clk 0:09:40]} 5. Nf3 {[%clk 0:09:46.8]} 5... O-O {[%clk 0:09:41.5]} 6. e3 {[%clk 0:09:43.4]} 6... h6 {[%clk 0:09:42.8]} 7. Bh4 {[%clk 0:09:40.5]} 7... b6 {[%clk 0:09:44.9]} 8. Bxf6 {[%clk 0:09:33.3]} 8... Bxf6 {[%clk 0:09:45.9]} 9. Be2 {[%clk 0:09:25.9]} 9... Bb7 {[%clk 0:09:42.6]} 10. O-O {[%clk 0:09:22.5]} 10... d6 {[%clk 0:09:23.9]} 11. Rc1 {[%clk 0:09:14.6]} 11... Nd7 {[%clk 0:09:12.9]} 12. Qb3 {[%clk 0:08:57.5]} 12... c5 {[%clk 0:08:13.5]} 13. dxc5 {[%clk 0:08:29.6]} 13... dxc5 {[%clk 0:07:36.2]} 14. Rcd1 {[%clk 0:08:14.9]} 14... Qe7 {[%clk 0:07:25.3]} 15. Nb5 {[%clk 0:07:43.1]} 15... Ne5 {[%clk 0:06:25.1]} 16. Nxe5 {[%clk 0:07:25.4]} 16... Bxe5 {[%clk 0:06:24.4]} 17. Qc2 {[%clk 0:06:18.5]} 17... a6 {[%clk 0:06:13]} 18. Nc3 {[%clk 0:06:17.8]} 18... Bb8 {[%clk 0:06:09.1]} 19. Qb3 {[%clk 0:06:12.6]} 19... Qc7 {[%clk 0:06:07.2]} 20. g3 {[%clk 0:05:41.4]} 20... g6 {[%clk 0:05:12.9]} 21. Rfe1 {[%clk 0:05:29.5]} 21... h5 {[%clk 0:04:43.2]} 22. Bf1 {[%clk 0:05:08.8]} 22... h4 {[%clk 0:04:36.1]} 23. Ne2 {[%clk 0:05:10.6]} 23... hxg3 {[%clk 0:04:26.5]} 24. hxg3 {[%clk 0:05:12.9]} 24... Kf7 {[%clk 0:04:17.2]} 25. Nf4 {[%clk 0:05:07.5]} 25... Rh8 {[%clk 0:04:05.2]} 26. Qd3 {[%clk 0:04:55.4]} 26... Rh1# {[%clk 0:04:04.9]} 0-1
",600+3,2021-05-24 20:15:58,True,rb6/1bq2k2/pp2p1p1/2p2p2/2P2N2/3QP1P1/PP3P2/3RRBKr w - -,rapid,chess,"{'rating': 1542, 'result': 'checkmated', '@id': 'https://api.chess.com/pub/player/vitormusachio', 'username': 'vitormusachio'}","{'rating': 1206, 'result': 'win', '@id': 'https://api.chess.com/pub/player/dpgu', 'username': 'dpgu'}",https://www.chess.com/openings/Dutch-Defense-Queens-Knight-Variation
https://www.chess.com/game/live/15625435369,"[Event ""Live Chess""]
[Site ""Chess.com""]
[Date ""2021.05.24""]
[Round ""-""]
[White ""AbadEmiliano""]
[Black ""brunomacielfonseca""]
[Result ""1-0""]
[CurrentPosition ""rnbqkbnr/pppppppp/8/8/3P4/8/PPP1PPPP/RNBQKBNR b KQkq d3""]
[Timezone ""UTC""]
[ECO ""A40""]
[ECOUrl ""https://www.chess.com/openings/Queens-Pawn-Opening""]
[UTCDate ""2021.05.24""]
[UTCTime ""20:02:11""]
[WhiteElo ""1120""]
[BlackElo ""1048""]
[TimeControl ""600+3""]
[Termination ""AbadEmiliano won - game abandoned""]
[StartTime ""20:02:11""]
[EndDate ""2021.05.24""]
[EndTime ""20:02:55""]
[Link ""https://www.chess.com/game/live/15625435369""]

1. d4 {[%clk 0:09:50.6]} 1-0
",600+3,2021-05-24 20:02:55,True,rnbqkbnr/pppppppp/8/8/3P4/8/PPP1PPPP/RNBQKBNR b KQkq d3,rapid,chess,"{'rating': 1120, 'result': 'win', '@id': 'https://api.chess.com/pub/player/abademiliano', 'username': 'AbadEmiliano'}","{'rating': 1048, 'result': 'abandoned', '@id': 'https://api.chess.com/pub/player/brunomacielfonseca', 'username': 'brunomacielfonseca'}",https://www.chess.com/openings/Queens-Pawn-Opening
https://www.chess.com/game/live/15625435375,"[Event ""Live Chess""]
[Site ""Chess.com""]
[Date ""2021.05.24""]
[Round ""-""]
[White ""gabsurita""]
[Black ""alancsrock""]
[Result ""1-0""]
[CurrentPosition ""4k3/4Q3/4K3/P7/8/8/P7/8 b - -""]
[Timezone ""UTC""]
[ECO ""D00""]
[ECOUrl ""https://www.chess.com/openings/Queens-Pawn-Opening-Levitsky-Attack""]
[UTCDate ""2021.05.24""]
[UTCTime ""20:02:03""]
[WhiteElo ""972""]
[BlackElo ""654""]
[TimeControl ""600+3""]
[Termination ""gabsurita won by checkmate""]
[StartTime ""20:02:03""]
[EndDate ""2021.05.24""]
[EndTime ""20:21:54""]
[Link ""https://www.chess.com/game/live/15625435375""]

1. d4 {[%clk 0:09:58.8]} 1... d5 {[%clk 0:10:01]} 2. Bg5 {[%clk 0:10:00.4]} 2... f6 {[%clk 0:09:55.9]} 3. Bh4 {[%clk 0:10:01.5]} 3... g5 {[%clk 0:09:47.5]} 4. Bg3 {[%clk 0:10:03.1]} 4... f5 {[%clk 0:09:42.6]} 5. e3 {[%clk 0:10:03.1]} 5... Nc6 {[%clk 0:09:41.9]} 6. Nf3 {[%clk 0:10:01.5]} 6... Be6 {[%clk 0:09:32.4]} 7. Bd3 {[%clk 0:09:59.9]} 7... Qd6 {[%clk 0:09:24.8]} 8. Bxd6 {[%clk 0:10:00.3]} 8... O-O-O {[%clk 0:09:20.6]} 9. Ba3 {[%clk 0:09:45.9]} 9... h5 {[%clk 0:09:02.9]} 10. Nxg5 {[%clk 0:09:41.5]} 10... Bd7 {[%clk 0:08:43.4]} 11. Nf7 {[%clk 0:09:34.4]} 11... Rh7 {[%clk 0:08:19.2]} 12. Nxd8 {[%clk 0:09:35.3]} 12... Nxd8 {[%clk 0:08:19.7]} 13. c4 {[%clk 0:09:28.8]} 13... dxc4 {[%clk 0:08:18.7]} 14. Bxc4 {[%clk 0:09:29]} 14... Ne6 {[%clk 0:07:51]} 15. Bxe6 {[%clk 0:09:30.4]} 15... Bxe6 {[%clk 0:07:52.6]} 16. Nc3 {[%clk 0:09:26.2]} 16... b6 {[%clk 0:07:32.1]} 17. Nb5 {[%clk 0:09:23.6]} 17... a6 {[%clk 0:07:19.1]} 18. Na7+ {[%clk 0:09:21]} 18... Kb7 {[%clk 0:07:18.6]} 19. Nc6 {[%clk 0:09:09.4]} 19... Kxc6 {[%clk 0:07:19.5]} 20. Rc1+ {[%clk 0:09:01.5]} 20... Kb7 {[%clk 0:07:10.6]} 21. Qf3+ {[%clk 0:08:56.6]} 21... c6 {[%clk 0:07:01.8]} 22. Qxc6+ {[%clk 0:08:54.1]} 22... Kb8 {[%clk 0:06:48.2]} 23. Qxb6+ {[%clk 0:08:41.6]} 23... Ka8 {[%clk 0:06:39.1]} 24. Rc8+ {[%clk 0:08:41.7]} 24... Bxc8 {[%clk 0:06:34.9]} 25. O-O {[%clk 0:08:11.6]} 25... Rh6 {[%clk 0:06:05.9]} 26. Qd8 {[%clk 0:07:41.8]} 26... Kb7 {[%clk 0:05:40.3]} 27. Qxf8 {[%clk 0:07:18]} 27... Rg6 {[%clk 0:05:28.5]} 28. Qxf5 {[%clk 0:07:07]} 28... Bxf5 {[%clk 0:05:12.7]} 29. Re1 {[%clk 0:06:54.4]} 29... Nf6 {[%clk 0:04:34.6]} 30. Bxe7 {[%clk 0:06:50.8]} 30... Ne4 {[%clk 0:04:25.7]} 31. f3 {[%clk 0:06:38.4]} 31... Ng5 {[%clk 0:04:15.5]} 32. e4 {[%clk 0:06:34.1]} 32... Be6 {[%clk 0:04:06.6]} 33. d5 {[%clk 0:06:33.5]} 33... Bd7 {[%clk 0:04:01.9]} 34. Kf2 {[%clk 0:06:27.8]} 34... Rg7 {[%clk 0:03:43.1]} 35. d6 {[%clk 0:06:12.5]} 35... Ne6 {[%clk 0:03:19.4]} 36. e5 {[%clk 0:05:51.4]} 36... Nc5 {[%clk 0:02:54.2]} 37. e6 {[%clk 0:05:41.7]} 37... Kc6 {[%clk 0:02:52.4]} 38. exd7 {[%clk 0:05:43]} 38... Kxd7 {[%clk 0:02:45.7]} 39. b4 {[%clk 0:05:14.8]} 39... Nd3+ {[%clk 0:02:42.7]} 40. Ke2 {[%clk 0:05:10.9]} 40... Nxe1 {[%clk 0:02:40.6]} 41. Kxe1 {[%clk 0:05:12.6]} 41... Rxe7+ {[%clk 0:02:42.4]} 42. dxe7 {[%clk 0:05:14]} 42... Kxe7 {[%clk 0:02:44]} 43. Kf2 {[%clk 0:05:08.7]} 43... Kd6 {[%clk 0:02:39.9]} 44. g4 {[%clk 0:05:06.5]} 44... hxg4 {[%clk 0:02:40.9]} 45. fxg4 {[%clk 0:05:06.8]} 45... Ke5 {[%clk 0:02:43]} 46. h4 {[%clk 0:05:05.6]} 46... Kf4 {[%clk 0:02:43.2]} 47. h5 {[%clk 0:05:05.9]} 47... Kxg4 {[%clk 0:02:44.7]} 48. h6 {[%clk 0:05:08.2]} 48... Kg5 {[%clk 0:02:46.6]} 49. h7 {[%clk 0:05:10.7]} 49... Kg6 {[%clk 0:02:47.8]} 50. h8=Q {[%clk 0:05:12.6]} 50... Kf5 {[%clk 0:02:46.1]} 51. Qd4 {[%clk 0:05:08.6]} 51... Ke6 {[%clk 0:02:39.5]} 52. Qc5 {[%clk 0:05:09.1]} 52... Kd7 {[%clk 0:02:39.8]} 53. Qb6 {[%clk 0:05:10]} 53... a5 {[%clk 0:02:35.8]} 54. bxa5 {[%clk 0:05:11.6]} 54... Ke7 {[%clk 0:02:34.9]} 55. Qc6 {[%clk 0:05:07.1]} 55... Kf7 {[%clk 0:02:35.2]} 56. Qd6 {[%clk 0:05:08.7]} 56... Kg7 {[%clk 0:02:35.3]} 57. Qe6 {[%clk 0:05:10.2]} 57... Kf8 {[%clk 0:02:33.9]} 58. Kf3 {[%clk 0:05:09.5]} 58... Kg7 {[%clk 0:02:34.1]} 59. Kf4 {[%clk 0:05:11.2]} 59... Kh7 {[%clk 0:02:35.3]} 60. Kf5 {[%clk 0:05:10.4]} 60... Kg7 {[%clk 0:02:36.8]} 61. Qg6+ {[%clk 0:05:06.4]} 61... Kf8 {[%clk 0:02:36.5]} 62. Qf6+ {[%clk 0:04:41.8]} 62... Ke8 {[%clk 0:02:37.6]} 63. Qg7 {[%clk 0:04:27.9]} 63... Kd8 {[%clk 0:02:37.3]} 64. Ke6 {[%clk 0:04:29.8]} 64... Ke8 {[%clk 0:02:37.8]} 65. Qe7# {[%clk 0:04:31.3]} 1-0
",600+3,2021-05-24 20:21:54,True,4k3/4Q3/4K3/P7/8/8/P7/8 b - -,rapid,chess,"{'rating': 972, 'result': 'win', '@id': 'https://api.chess.com/pub/player/gabsurita', 'username': 'gabsurita'}","{'rating': 654, 'result': 'checkmated', '@id': 'https://api.chess.com/pub/player/alancsrock', 'username': 'alancsrock'}",https://www.chess.com/openings/Queens-Pawn-Opening-Levitsky-Attack
https://www.chess.com/game/live/15626528149,"[Event ""Live Chess""]
[Site ""Chess.com""]
[Date ""2021.05.24""]
[Round ""-""]
[White ""AbadEmiliano""]
[Black ""vitormusachio""]
[Result ""0-1""]
[CurrentPosition ""8/6p1/pR2p1kp/3p1p2/P2q4/7P/2Q3PK/8 b - -""]
[Timezone ""UTC""]
[ECO ""D00""]
[ECOUrl ""https://www.chess.com/openings/Queens-Pawn-Opening-Stonewall-Attack""]
[UTCDate ""2021.05.24""]
[UTCTime ""20:16:05""]
[WhiteElo ""1119""]
[BlackElo ""1543""]
[TimeControl ""600+3""]
[Termination ""vitormusachio won by resignation""]
[StartTime ""20:16:05""]
[EndDate ""2021.05.24""]
[EndTime ""20:36:34""]
[Link ""https://www.chess.com/game/live/15626528149""]

1. d4 {[%clk 0:09:59.1]} 1... d5 {[%clk 0:09:58.5]} 2. e3 {[%clk 0:10:01.1]} 2... Nf6 {[%clk 0:09:59.1]} 3. Bd3 {[%clk 0:09:59.8]} 3... c6 {[%clk 0:09:57.9]} 4. f4 {[%clk 0:10:00.1]} 4... Bg4 {[%clk 0:09:58.6]} 5. Nf3 {[%clk 0:10:01.2]} 5... Bxf3 {[%clk 0:09:51.7]} 6. Qxf3 {[%clk 0:10:01.2]} 6... e6 {[%clk 0:09:46.7]} 7. O-O {[%clk 0:10:01.3]} 7... Nbd7 {[%clk 0:09:41.1]} 8. c3 {[%clk 0:09:59]} 8... c5 {[%clk 0:09:42.4]} 9. b3 {[%clk 0:09:48.9]} 9... Be7 {[%clk 0:09:07.4]} 10. Nd2 {[%clk 0:09:43.2]} 10... Qa5 {[%clk 0:09:05.2]} 11. Bb2 {[%clk 0:09:21.2]} 11... b5 {[%clk 0:08:49.7]} 12. a4 {[%clk 0:08:22.7]} 12... c4 {[%clk 0:08:40.7]} 13. bxc4 {[%clk 0:08:21.5]} 13... bxc4 {[%clk 0:08:42.7]} 14. Bxc4 {[%clk 0:08:14.2]} 14... Rb8 {[%clk 0:08:04.9]} 15. Bb5 {[%clk 0:07:59.8]} 15... a6 {[%clk 0:07:53.9]} 16. Bxd7+ {[%clk 0:08:00.6]} 16... Nxd7 {[%clk 0:07:54]} 17. Rfb1 {[%clk 0:07:43]} 17... O-O {[%clk 0:07:15.1]} 18. Qd1 {[%clk 0:07:36.8]} 18... Qc7 {[%clk 0:06:17.3]} 19. Ba3 {[%clk 0:07:22.6]} 19... Rfe8 {[%clk 0:05:14.2]} 20. Bxe7 {[%clk 0:07:00.4]} 20... Rxb1 {[%clk 0:05:10.1]} 21. Rxb1 {[%clk 0:06:24.1]} 21... Rxe7 {[%clk 0:05:12]} 22. Qb3 {[%clk 0:05:52.3]} 22... Re8 {[%clk 0:04:58.2]} 23. Qb7 {[%clk 0:05:29]} 23... Qxc3 {[%clk 0:04:47.9]} 24. Qxd7 {[%clk 0:05:23.8]} 24... Qxe3+ {[%clk 0:04:49.9]} 25. Kh1 {[%clk 0:04:41.2]} 25... Rf8 {[%clk 0:04:36.9]} 26. Qd6 {[%clk 0:02:59.2]} 26... Qxd2 {[%clk 0:04:14.5]} 27. h3 {[%clk 0:02:51.7]} 27... Qxd4 {[%clk 0:03:51.3]} 28. Rb8 {[%clk 0:02:47.3]} 28... h6 {[%clk 0:03:14]} 29. Qxf8+ {[%clk 0:02:22]} 29... Kh7 {[%clk 0:03:15.5]} 30. Qh8+ {[%clk 0:02:23.3]} 30... Kg6 {[%clk 0:03:17.7]} 31. Qc8 {[%clk 0:01:17.4]} 31... Qxf4 {[%clk 0:03:09.1]} 32. Qc2+ {[%clk 0:01:03.4]} 32... f5 {[%clk 0:03:10.6]} 33. Rb6 {[%clk 0:00:39.3]} 33... Qf1+ {[%clk 0:03:11.2]} 34. Kh2 {[%clk 0:00:38.4]} 34... Qf4+ {[%clk 0:02:58.6]} 35. Kg1 {[%clk 0:00:37.1]} 35... Qd4+ {[%clk 0:02:58.5]} 36. Kh2 {[%clk 0:00:25.9]} 0-1
",600+3,2021-05-24 20:36:34,True,8/6p1/pR2p1kp/3p1p2/P2q4/7P/2Q3PK/8 b - -,rapid,chess,"{'rating': 1119, 'result': 'resigned', '@id': 'https://api.chess.com/pub/player/abademiliano', 'username': 'AbadEmiliano'}","{'rating': 1543, 'result': 'win', '@id': 'https://api.chess.com/pub/player/vitormusachio', 'username': 'vitormusachio'}",https://www.chess.com/openings/Queens-Pawn-Opening-Stonewall-Attack
https://www.chess.com/game/live/15626636961,"[Event ""Live Chess""]
[Site ""Chess.com""]
[Date ""2021.05.24""]
[Round ""-""]
[White ""dpgu""]
[Black ""gabsurita""]
[Result ""1-0""]
[CurrentPosition ""7k/5K2/8/7Q/8/8/6P1/8 b - -""]
[Timezone ""UTC""]
[ECO ""D00""]
[ECOUrl ""https://www.chess.com/openings/Queens-Pawn-Opening-Accelerated-London-Steinitz-Countergambit""]
[UTCDate ""2021.05.24""]
[UTCTime ""20:22:06""]
[WhiteElo ""1209""]
[BlackElo ""969""]
[TimeControl ""600+3""]
[Termination ""dpgu won by checkmate""]
[StartTime ""20:22:06""]
[EndDate ""2021.05.24""]
[EndTime ""20:47:05""]
[Link ""https://www.chess.com/game/live/15626636961""]

1. d4 {[%clk 0:09:59.4]} 1... d5 {[%clk 0:09:59.4]} 2. Bf4 {[%clk 0:09:58.6]} 2... c5 {[%clk 0:09:52.9]} 3. c3 {[%clk 0:09:54.5]} 3... e6 {[%clk 0:09:49.9]} 4. Nf3 {[%clk 0:09:55.6]} 4... Nc6 {[%clk 0:09:45.5]} 5. e3 {[%clk 0:09:55]} 5... Nge7 {[%clk 0:09:25.4]} 6. Bd3 {[%clk 0:09:51.9]} 6... Ng6 {[%clk 0:09:25.5]} 7. Bg3 {[%clk 0:09:22.4]} 7... c4 {[%clk 0:08:46.4]} 8. Bc2 {[%clk 0:09:21.8]} 8... Bd6 {[%clk 0:08:31]} 9. Nbd2 {[%clk 0:09:02.4]} 9... Bxg3 {[%clk 0:08:23.1]} 10. hxg3 {[%clk 0:09:03.2]} 10... b5 {[%clk 0:07:43.4]} 11. a4 {[%clk 0:07:48.4]} 11... Ba6 {[%clk 0:05:32.2]} 12. Bxg6 {[%clk 0:06:57.4]} 12... fxg6 {[%clk 0:05:30.5]} 13. Nh4 {[%clk 0:05:29.6]} 13... Kd7 {[%clk 0:05:14.2]} 14. axb5 {[%clk 0:04:50.4]} 14... Bxb5 {[%clk 0:05:10.8]} 15. Nb1 {[%clk 0:04:40.4]} 15... g5 {[%clk 0:04:50.1]} 16. Nf3 {[%clk 0:04:28.9]} 16... g4 {[%clk 0:04:23.7]} 17. Na3 {[%clk 0:04:27.6]} 17... a6 {[%clk 0:03:35.7]} 18. Nxb5 {[%clk 0:04:15.5]} 18... axb5 {[%clk 0:03:35.5]} 19. Rxa8 {[%clk 0:04:18]} 19... Qxa8 {[%clk 0:03:36]} 20. Ne5+ {[%clk 0:04:20.4]} 20... Nxe5 {[%clk 0:03:37.1]} 21. dxe5 {[%clk 0:04:23.3]} 21... h5 {[%clk 0:03:12]} 22. O-O {[%clk 0:03:45.7]} 22... Qb8 {[%clk 0:03:09.2]} 23. e4 {[%clk 0:03:42.2]} 23... Qxe5 {[%clk 0:02:56.1]} 24. exd5 {[%clk 0:03:35.7]} 24... exd5 {[%clk 0:02:33]} 25. Re1 {[%clk 0:03:30.3]} 25... Qg5 {[%clk 0:02:10.4]} 26. Qd4 {[%clk 0:02:43.6]} 26... Re8 {[%clk 0:02:05]} 27. Qa7+ {[%clk 0:02:28]} 27... Kd8 {[%clk 0:01:25]} 28. Qa8+ {[%clk 0:02:24.5]} 28... Kd7 {[%clk 0:01:26.6]} 29. Qxe8+ {[%clk 0:02:17.8]} 29... Kd6 {[%clk 0:01:22.3]} 30. Qxb5 {[%clk 0:02:00.2]} 30... Qd2 {[%clk 0:01:18.9]} 31. Qb6+ {[%clk 0:01:45.4]} 31... Kd7 {[%clk 0:01:18.5]} 32. Qb5+ {[%clk 0:01:23.8]} 32... Kd6 {[%clk 0:01:17.4]} 33. Rf1 {[%clk 0:01:22.5]} 33... g5 {[%clk 0:01:02.2]} 34. Qb6+ {[%clk 0:01:20.6]} 34... Ke5 {[%clk 0:01:01.6]} 35. Qe3+ {[%clk 0:01:21.7]} 35... Qxe3 {[%clk 0:01:02.4]} 36. fxe3 {[%clk 0:01:24]} 36... Ke4 {[%clk 0:01:02.7]} 37. Re1 {[%clk 0:01:24.1]} 37... Kd3 {[%clk 0:01:01.9]} 38. Kf2 {[%clk 0:01:25.3]} 38... Kc2 {[%clk 0:01:00.1]} 39. Re2+ {[%clk 0:01:17.7]} 39... Kb3 {[%clk 0:00:55.7]} 40. e4 {[%clk 0:01:18.2]} 40... dxe4 {[%clk 0:00:54.6]} 41. Rxe4 {[%clk 0:01:19.4]} 41... Kxb2 {[%clk 0:00:56.7]} 42. Re5 {[%clk 0:01:20.4]} 42... Kxc3 {[%clk 0:00:57.7]} 43. Rxg5 {[%clk 0:01:22]} 43... Kd3 {[%clk 0:00:59.6]} 44. Rxh5 {[%clk 0:01:23.1]} 44... c3 {[%clk 0:01:01.7]} 45. Rc5 {[%clk 0:01:24.4]} 45... c2 {[%clk 0:01:03.8]} 46. Rxc2 {[%clk 0:01:20.2]} 46... Kxc2 {[%clk 0:01:05.1]} 47. Ke3 {[%clk 0:01:22.8]} 47... Kc3 {[%clk 0:01:06.8]} 48. Kf4 {[%clk 0:01:25.4]} 48... Kd4 {[%clk 0:01:09.1]} 49. Kxg4 {[%clk 0:01:28.1]} 49... Ke5 {[%clk 0:01:11.6]} 50. Kg5 {[%clk 0:01:25.7]} 50... Ke6 {[%clk 0:01:11.6]} 51. Kg6 {[%clk 0:01:27.5]} 51... Ke7 {[%clk 0:01:13.5]} 52. Kg7 {[%clk 0:01:28]} 52... Ke6 {[%clk 0:00:56.5]} 53. g4 {[%clk 0:01:30.5]} 53... Ke5 {[%clk 0:00:57.3]} 54. Kg6 {[%clk 0:01:32.9]} 54... Kf4 {[%clk 0:00:59.4]} 55. g5 {[%clk 0:01:35]} 55... Kg4 {[%clk 0:01:01.2]} 56. Kf6 {[%clk 0:01:30]} 56... Kh5 {[%clk 0:01:01.7]} 57. g6 {[%clk 0:01:32.5]} 57... Kh6 {[%clk 0:01:03.7]} 58. Kf7 {[%clk 0:01:23.1]} 58... Kg5 {[%clk 0:00:58.9]} 59. g7 {[%clk 0:01:24.9]} 59... Kh6 {[%clk 0:01:00.9]} 60. g8=Q {[%clk 0:01:27.8]} 60... Kh5 {[%clk 0:01:02.5]} 61. Qa8 {[%clk 0:01:22.5]} 61... Kh4 {[%clk 0:01:04.5]} 62. Qf3 {[%clk 0:01:22.7]} 62... Kg5 {[%clk 0:01:04.7]} 63. Qe3+ {[%clk 0:01:23.6]} 63... Kg4 {[%clk 0:01:06.3]} 64. Ke6 {[%clk 0:01:24.2]} 64... Kh4 {[%clk 0:01:07.9]} 65. Qf3 {[%clk 0:01:23.6]} 65... Kg5 {[%clk 0:01:09.7]} 66. Ke5 {[%clk 0:01:23.7]} 66... Kg6 {[%clk 0:01:11.3]} 67. Qf4 {[%clk 0:01:24.4]} 67... Kg7 {[%clk 0:01:12.6]} 68. Qf5 {[%clk 0:01:26.2]} 68... Kh6 {[%clk 0:01:11.1]} 69. Qg4 {[%clk 0:01:27.9]} 69... Kh7 {[%clk 0:01:12]} 70. Qg5 {[%clk 0:01:29]} 70... Kh8 {[%clk 0:01:13.1]} 71. Kf6 {[%clk 0:01:31.9]} 71... Kh7 {[%clk 0:01:14.6]} 72. Kf7 {[%clk 0:01:34.8]} 72... Kh8 {[%clk 0:01:15.5]} 73. Qh5# {[%clk 0:01:37.7]} 1-0
",600+3,2021-05-24 20:47:05,True,7k/5K2/8/7Q/8/8/6P1/8 b - -,rapid,chess,"{'rating': 1209, 'result': 'win', '@id': 'https://api.chess.com/pub/player/dpgu', 'username': 'dpgu'}","{'rating': 969, 'result': 'checkmated', '@id': 'https://api.chess.com/pub/player/gabsurita', 'username': 'gabsurita'}",https://www.chess.com/openings/Queens-Pawn-Opening-Accelerated-London-Steinitz-Countergambit
https://www.chess.com/game/live/15627736987,"[Event ""Live Chess""]
[Site ""Chess.com""]
[Date ""2021.05.24""]
[Round ""-""]
[White ""alancsrock""]
[Black ""vitormusachio""]
[Result ""0-1""]
[CurrentPosition ""6k1/pp3ppp/4pn2/P3N3/8/R7/5PPP/3r2K1 w - -""]
[Timezone ""UTC""]
[ECO ""B13""]
[ECOUrl ""https://www.chess.com/openings/Caro-Kann-Defense-Exchange-Variation-3...cxd5-4.Nf3-Nf6""]
[UTCDate ""2021.05.24""]
[UTCTime ""20:36:37""]
[WhiteElo ""654""]
[BlackElo ""1543""]
[TimeControl ""600+3""]
[Termination ""vitormusachio won by checkmate""]
[StartTime ""20:36:37""]
[EndDate ""2021.05.24""]
[EndTime ""20:41:56""]
[Link ""https://www.chess.com/game/live/15627736987""]

1. e4 {[%clk 0:10:00.7]} 1... c6 {[%clk 0:09:57.8]} 2. d4 {[%clk 0:10:02.2]} 2... d5 {[%clk 0:09:59.2]} 3. exd5 {[%clk 0:10:01.8]} 3... cxd5 {[%clk 0:10:00.9]} 4. Nf3 {[%clk 0:10:02.1]} 4... Nf6 {[%clk 0:09:57.4]} 5. Bb5+ {[%clk 0:10:00.4]} 5... Bd7 {[%clk 0:09:52.4]} 6. Bxd7+ {[%clk 0:09:53]} 6... Nbxd7 {[%clk 0:09:55.3]} 7. O-O {[%clk 0:09:53.8]} 7... e6 {[%clk 0:09:53]} 8. b3 {[%clk 0:09:47]} 8... Rc8 {[%clk 0:09:40]} 9. c4 {[%clk 0:09:40.6]} 9... dxc4 {[%clk 0:09:38.8]} 10. bxc4 {[%clk 0:09:41.9]} 10... Rxc4 {[%clk 0:09:38.6]} 11. Na3 {[%clk 0:09:37.9]} 11... Rc8 {[%clk 0:09:37.6]} 12. Nc4 {[%clk 0:09:33.9]} 12... Nb6 {[%clk 0:09:37]} 13. Nxb6 {[%clk 0:09:31.2]} 13... Qxb6 {[%clk 0:09:38.2]} 14. Qa4+ {[%clk 0:09:13.1]} 14... Qc6 {[%clk 0:09:20.2]} 15. Qxc6+ {[%clk 0:09:07.5]} 15... Rxc6 {[%clk 0:09:21.5]} 16. Ne5 {[%clk 0:08:55]} 16... Rc8 {[%clk 0:09:13.7]} 17. a4 {[%clk 0:08:42.3]} 17... Bd6 {[%clk 0:09:13.6]} 18. Ba3 {[%clk 0:08:31.1]} 18... Bxa3 {[%clk 0:09:03.3]} 19. Rxa3 {[%clk 0:08:32.5]} 19... O-O {[%clk 0:09:04.8]} 20. a5 {[%clk 0:08:25.9]} 20... Rfd8 {[%clk 0:09:06.1]} 21. Rd1 {[%clk 0:08:20.7]} 21... Rxd4 {[%clk 0:08:54]} 22. Rxd4 {[%clk 0:08:20.4]} 22... Rc1+ {[%clk 0:08:54.2]} 23. Rd1 {[%clk 0:08:15.7]} 23... Rxd1# {[%clk 0:08:55.3]} 0-1
",600+3,2021-05-24 20:41:56,True,6k1/pp3ppp/4pn2/P3N3/8/R7/5PPP/3r2K1 w - -,rapid,chess,"{'rating': 654, 'result': 'checkmated', '@id': 'https://api.chess.com/pub/player/alancsrock', 'username': 'alancsrock'}","{'rating': 1543, 'result': 'win', '@id': 'https://api.chess.com/pub/player/vitormusachio', 'username': 'vitormusachio'}",https://www.chess.com/openings/Caro-Kann-Defense-Exchange-Variation-3...cxd5-4.Nf3-Nf6
https://www.chess.com/game/live/15627743123,"[Event ""Live Chess""]
[Site ""Chess.com""]
[Date ""2021.05.24""]
[Round ""-""]
[White ""brunomacielfonseca""]
[Black ""AbadEmiliano""]
[Result ""1-0""]
[CurrentPosition ""r3rk1Q/pp3p2/1qp5/3p4/3P4/8/PPB2PPP/4R1K1 b - -""]
[Timezone ""UTC""]
[ECO ""C54""]
[ECOUrl ""https://www.chess.com/openings/Giuoco-Piano-Game-Center-Attack...6.cxd4-Bb4-7.Bd2-Nxe4""]
[UTCDate ""2021.05.24""]
[UTCTime ""20:36:59""]
[WhiteElo ""1058""]
[BlackElo ""1109""]
[TimeControl ""600+3""]
[Termination ""brunomacielfonseca won by checkmate""]
[StartTime ""20:36:59""]
[EndDate ""2021.05.24""]
[EndTime ""20:45:33""]
[Link ""https://www.chess.com/game/live/15627743123""]

1. e4 {[%clk 0:10:00.4]} 1... e5 {[%clk 0:09:51.4]} 2. Nf3 {[%clk 0:09:54.8]} 2... Nc6 {[%clk 0:09:52.3]} 3. Bc4 {[%clk 0:09:54.7]} 3... Bc5 {[%clk 0:09:50.5]} 4. c3 {[%clk 0:09:54.6]} 4... Nf6 {[%clk 0:09:45.1]} 5. d4 {[%clk 0:09:55.1]} 5... exd4 {[%clk 0:09:44.8]} 6. cxd4 {[%clk 0:09:56.3]} 6... Bb4+ {[%clk 0:09:34.9]} 7. Bd2 {[%clk 0:09:51.9]} 7... Nxe4 {[%clk 0:09:24.3]} 8. O-O {[%clk 0:09:45.3]} 8... Nxd2 {[%clk 0:08:56.4]} 9. Nbxd2 {[%clk 0:09:44.8]} 9... Bxd2 {[%clk 0:08:49.3]} 10. Qxd2 {[%clk 0:09:45.7]} 10... O-O {[%clk 0:08:46.9]} 11. Rfe1 {[%clk 0:09:41.7]} 11... d5 {[%clk 0:08:39.8]} 12. Bb3 {[%clk 0:09:42]} 12... Bg4 {[%clk 0:08:33.2]} 13. Ne5 {[%clk 0:09:24.1]} 13... Nxe5 {[%clk 0:08:08.8]} 14. Rxe5 {[%clk 0:09:19.1]} 14... c6 {[%clk 0:08:04.9]} 15. Rae1 {[%clk 0:09:17.3]} 15... Qc7 {[%clk 0:07:38.8]} 16. Bc2 {[%clk 0:09:09.2]} 16... Qb6 {[%clk 0:06:21.3]} 17. Qd3 {[%clk 0:09:08.7]} 17... g6 {[%clk 0:06:16.9]} 18. Rg5 {[%clk 0:08:59.1]} 18... Bf5 {[%clk 0:06:10.6]} 19. Rxf5 {[%clk 0:08:54.5]} 19... gxf5 {[%clk 0:06:08.9]} 20. Qxf5 {[%clk 0:08:56.2]} 20... Rfe8 {[%clk 0:04:57.2]} 21. Qxh7+ {[%clk 0:08:46.1]} 21... Kf8 {[%clk 0:04:58.7]} 22. Qh8# {[%clk 0:08:47.9]} 1-0
",600+3,2021-05-24 20:45:33,True,r3rk1Q/pp3p2/1qp5/3p4/3P4/8/PPB2PPP/4R1K1 b - -,rapid,chess,"{'rating': 1058, 'result': 'win', '@id': 'https://api.chess.com/pub/player/brunomacielfonseca', 'username': 'brunomacielfonseca'}","{'rating': 1109, 'result': 'checkmated', '@id': 'https://api.chess.com/pub/player/abademiliano', 'username': 'AbadEmiliano'}",https://www.chess.com/openings/Giuoco-Piano-Game-Center-Attack...6.cxd4-Bb4-7.Bd2-Nxe4
https://www.chess.com/game/live/15628320037,"[Event ""Live Chess""]
[Site ""Chess.com""]
[Date ""2021.05.24""]
[Round ""-""]
[White ""alancsrock""]
[Black ""AbadEmiliano""]
[Result ""0-1""]
[CurrentPosition ""6k1/5p2/4b3/8/8/6p1/7q/7K w - -""]
[Timezone ""UTC""]
[ECO ""B13""]
[ECOUrl ""https://www.chess.com/openings/Caro-Kann-Defense-Exchange-Variation-3...cxd5""]
[UTCDate ""2021.05.24""]
[UTCTime ""20:45:34""]
[WhiteElo ""650""]
[BlackElo ""1110""]
[TimeControl ""600+3""]
[Termination ""AbadEmiliano won by checkmate""]
[StartTime ""20:45:34""]
[EndDate ""2021.05.24""]
[EndTime ""21:00:10""]
[Link ""https://www.chess.com/game/live/15628320037""]

1. e4 {[%clk 0:10:00.9]} 1... c6 {[%clk 0:10:01.2]} 2. d4 {[%clk 0:10:00]} 2... d5 {[%clk 0:10:03.4]} 3. exd5 {[%clk 0:10:00.6]} 3... cxd5 {[%clk 0:10:06.3]} 4. Bb5+ {[%clk 0:10:00.2]} 4... Nc6 {[%clk 0:10:08]} 5. Nf3 {[%clk 0:09:57.5]} 5... Bf5 {[%clk 0:10:07]} 6. O-O {[%clk 0:09:53.4]} 6... e6 {[%clk 0:10:04.6]} 7. Bf4 {[%clk 0:09:46]} 7... Be7 {[%clk 0:10:00.4]} 8. c4 {[%clk 0:09:37.8]} 8... Nf6 {[%clk 0:09:26.7]} 9. Ne5 {[%clk 0:09:12.4]} 9... Rc8 {[%clk 0:08:57.2]} 10. Nxc6 {[%clk 0:09:02.5]} 10... bxc6 {[%clk 0:08:57.5]} 11. Ba6 {[%clk 0:08:57.3]} 11... Ra8 {[%clk 0:08:50.4]} 12. Bb7 {[%clk 0:08:52.2]} 12... Bd6 {[%clk 0:08:40.1]} 13. Bxa8 {[%clk 0:08:51.6]} 13... Bxf4 {[%clk 0:08:39.1]} 14. Bxc6+ {[%clk 0:08:46]} 14... Nd7 {[%clk 0:08:37.7]} 15. Bb5 {[%clk 0:08:40.9]} 15... O-O {[%clk 0:08:36.8]} 16. cxd5 {[%clk 0:08:29.8]} 16... exd5 {[%clk 0:08:32.1]} 17. Nc3 {[%clk 0:08:27.6]} 17... Qb6 {[%clk 0:08:28.1]} 18. a4 {[%clk 0:08:16.8]} 18... a6 {[%clk 0:08:26.2]} 19. Nxd5 {[%clk 0:08:11]} 19... Qb8 {[%clk 0:07:50.2]} 20. Nxf4 {[%clk 0:08:09.8]} 20... Qxf4 {[%clk 0:07:51.6]} 21. Bxd7 {[%clk 0:08:06.6]} 21... Bxd7 {[%clk 0:07:52.5]} 22. g3 {[%clk 0:07:41.9]} 22... Qb8 {[%clk 0:07:35.6]} 23. d5 {[%clk 0:07:22.6]} 23... Qxb2 {[%clk 0:07:35.4]} 24. Re1 {[%clk 0:07:10.2]} 24... Qb4 {[%clk 0:07:17.3]} 25. d6 {[%clk 0:07:00.6]} 25... Rd8 {[%clk 0:07:01.3]} 26. Qe2 {[%clk 0:06:07.6]} 26... Qxd6 {[%clk 0:06:50.8]} 27. Qxa6 {[%clk 0:06:02.5]} 27... Qxa6 {[%clk 0:06:49]} 28. a5 {[%clk 0:05:47]} 28... h6 {[%clk 0:06:37.6]} 29. h4 {[%clk 0:05:42.4]} 29... Be6 {[%clk 0:06:09.6]} 30. f4 {[%clk 0:05:33.3]} 30... Rd5 {[%clk 0:05:53.8]} 31. Rad1 {[%clk 0:05:07.2]} 31... Rxd1 {[%clk 0:05:50.6]} 32. Rxd1 {[%clk 0:05:08.2]} 32... Qxa5 {[%clk 0:05:48.6]} 33. Rd8+ {[%clk 0:05:03.7]} 33... Qxd8 {[%clk 0:05:45.9]} 34. g4 {[%clk 0:05:01]} 34... Qxh4 {[%clk 0:05:44.6]} 35. g5 {[%clk 0:05:01.6]} 35... hxg5 {[%clk 0:05:44.7]} 36. fxg5 {[%clk 0:05:01.7]} 36... Qxg5+ {[%clk 0:05:46.3]} 37. Kf2 {[%clk 0:05:02.7]} 37... Qc5+ {[%clk 0:05:41.6]} 38. Kf3 {[%clk 0:05:02.8]} 38... Qf5+ {[%clk 0:05:43]} 39. Kg3 {[%clk 0:05:02.5]} 39... g5 {[%clk 0:05:40]} 40. Kh2 {[%clk 0:05:00]} 40... Qf4+ {[%clk 0:05:37.5]} 41. Kg2 {[%clk 0:05:01.3]} 41... g4 {[%clk 0:05:34]} 42. Kg1 {[%clk 0:05:02]} 42... g3 {[%clk 0:05:19.1]} 43. Kg2 {[%clk 0:05:02.9]} 43... Qf2+ {[%clk 0:05:11.3]} 44. Kh1 {[%clk 0:04:56.9]} 44... Qh2# {[%clk 0:05:13.4]} 0-1
",600+3,2021-05-24 21:00:10,True,6k1/5p2/4b3/8/8/6p1/7q/7K w - -,rapid,chess,"{'rating': 650, 'result': 'checkmated', '@id': 'https://api.chess.com/pub/player/alancsrock', 'username': 'alancsrock'}","{'rating': 1110, 'result': 'win', '@id': 'https://api.chess.com/pub/player/abademiliano', 'username': 'AbadEmiliano'}",https://www.chess.com/openings/Caro-Kann-Defense-Exchange-Variation-3...cxd5
https://www.chess.com/game/live/15628347473,"[Event ""Live Chess""]
[Site ""Chess.com""]
[Date ""2021.05.24""]
[Round ""-""]
[White ""dpgu""]
[Black ""vitormusachio""]
[Result ""0-1""]
[CurrentPosition ""8/5p2/3p4/8/3p4/4k3/4q3/4K3 w - -""]
[Timezone ""UTC""]
[ECO ""D00""]
[ECOUrl ""https://www.chess.com/openings/Queens-Pawn-Opening-Accelerated-London-System""]
[UTCDate ""2021.05.24""]
[UTCTime ""20:47:10""]
[WhiteElo ""1207""]
[BlackElo ""1545""]
[TimeControl ""600+3""]
[Termination ""vitormusachio won by checkmate""]
[StartTime ""20:47:10""]
[EndDate ""2021.05.24""]
[EndTime ""21:05:48""]
[Link ""https://www.chess.com/game/live/15628347473""]

1. d4 {[%clk 0:09:57.9]} 1... d5 {[%clk 0:09:59.7]} 2. Bf4 {[%clk 0:09:55]} 2... Nf6 {[%clk 0:09:58.6]} 3. Nf3 {[%clk 0:09:53.6]} 3... Bf5 {[%clk 0:10:00.7]} 4. e3 {[%clk 0:09:49.2]} 4... e6 {[%clk 0:10:02.1]} 5. Bd3 {[%clk 0:09:42.2]} 5... Bg6 {[%clk 0:10:02.1]} 6. c3 {[%clk 0:09:23.4]} 6... Bd6 {[%clk 0:10:01.5]} 7. Bg3 {[%clk 0:09:24.2]} 7... Nbd7 {[%clk 0:09:42.7]} 8. Ne5 {[%clk 0:09:17]} 8... Bxd3 {[%clk 0:08:43]} 9. Qxd3 {[%clk 0:09:11]} 9... Ne4 {[%clk 0:08:39.7]} 10. f3 {[%clk 0:09:04.3]} 10... Nxg3 {[%clk 0:08:35.7]} 11. hxg3 {[%clk 0:09:04.2]} 11... Nxe5 {[%clk 0:08:36.5]} 12. dxe5 {[%clk 0:09:07.1]} 12... Bxe5 {[%clk 0:08:10.1]} 13. Nd2 {[%clk 0:09:06.6]} 13... Bxg3+ {[%clk 0:08:08.7]} 14. Kd1 {[%clk 0:09:01.8]} 14... h6 {[%clk 0:08:10]} 15. Kc2 {[%clk 0:09:01.5]} 15... Bd6 {[%clk 0:06:33.9]} 16. Raf1 {[%clk 0:08:44.2]} 16... Qd7 {[%clk 0:06:25.6]} 17. Kb1 {[%clk 0:08:27.1]} 17... a5 {[%clk 0:05:56.1]} 18. g4 {[%clk 0:08:04.7]} 18... Rb8 {[%clk 0:05:29.1]} 19. g5 {[%clk 0:07:54.5]} 19... Be7 {[%clk 0:04:31]} 20. gxh6 {[%clk 0:07:52.3]} 20... Rxh6 {[%clk 0:04:32.6]} 21. Rxh6 {[%clk 0:07:50.4]} 21... gxh6 {[%clk 0:04:34.1]} 22. Qh7 {[%clk 0:07:12.2]} 22... Qb5 {[%clk 0:03:57.5]} 23. Qh8+ {[%clk 0:07:01.2]} 23... Bf8 {[%clk 0:03:58.4]} 24. Rg1 {[%clk 0:06:44.5]} 24... Qd3+ {[%clk 0:03:37.5]} 25. Kc1 {[%clk 0:06:45.1]} 25... Qxe3 {[%clk 0:01:42.5]} 26. Qd4 {[%clk 0:06:44.9]} 26... Qxd4 {[%clk 0:01:09.6]} 27. cxd4 {[%clk 0:06:45.5]} 27... Kd7 {[%clk 0:00:58.1]} 28. Rg8 {[%clk 0:06:44.1]} 28... Rc8 {[%clk 0:00:49.3]} 29. Nb3 {[%clk 0:06:41.7]} 29... Bd6 {[%clk 0:00:44.2]} 30. Rg7 {[%clk 0:06:11.7]} 30... Ke7 {[%clk 0:00:35.3]} 31. Nxa5 {[%clk 0:06:09.8]} 31... Ra8 {[%clk 0:00:36.5]} 32. Nxb7 {[%clk 0:06:10]} 32... Rxa2 {[%clk 0:00:38.3]} 33. Nxd6 {[%clk 0:05:51.3]} 33... cxd6 {[%clk 0:00:40]} 34. Kb1 {[%clk 0:05:53.4]} 34... Ra4 {[%clk 0:00:39.8]} 35. Rg4 {[%clk 0:05:51.7]} 35... e5 {[%clk 0:00:39.3]} 36. b3 {[%clk 0:05:45.9]} 36... Rxd4 {[%clk 0:00:40.8]} 37. Rxd4 {[%clk 0:05:45]} 37... exd4 {[%clk 0:00:42.8]} 38. Kc2 {[%clk 0:05:47.2]} 38... h5 {[%clk 0:00:41.4]} 39. Kd3 {[%clk 0:05:49.5]} 39... h4 {[%clk 0:00:42.6]} 40. b4 {[%clk 0:05:52.1]} 40... h3 {[%clk 0:00:44.9]} 41. b5 {[%clk 0:05:54.6]} 41... h2 {[%clk 0:00:47.2]} 42. b6 {[%clk 0:05:56.4]} 42... h1=Q {[%clk 0:00:48]} 43. b7 {[%clk 0:05:58.9]} 43... Qb1+ {[%clk 0:00:49.8]} 44. Kxd4 {[%clk 0:05:59.9]} 44... Qxb7 {[%clk 0:00:51.6]} 45. f4 {[%clk 0:05:59.7]} 45... Kf6 {[%clk 0:00:51.6]} 46. Kd3 {[%clk 0:05:56.2]} 46... Qb4 {[%clk 0:00:53.2]} 47. Ke3 {[%clk 0:05:58.3]} 47... Kf5 {[%clk 0:00:55.1]} 48. Kf3 {[%clk 0:06:00.6]} 48... d4 {[%clk 0:00:55.9]} 49. Ke2 {[%clk 0:06:02.7]} 49... Kxf4 {[%clk 0:00:57.2]} 50. Kd3 {[%clk 0:06:04.5]} 50... Ke5 {[%clk 0:00:58.3]} 51. Ke2 {[%clk 0:06:06.4]} 51... Ke4 {[%clk 0:01:00.3]} 52. Kd1 {[%clk 0:06:07.2]} 52... Qb2 {[%clk 0:01:01.9]} 53. Ke1 {[%clk 0:06:07.4]} 53... Kf3 {[%clk 0:01:04.4]} 54. Kd1 {[%clk 0:06:09.4]} 54... Ke3 {[%clk 0:01:06.5]} 55. Ke1 {[%clk 0:06:10.9]} 55... Qe2# {[%clk 0:01:09.4]} 0-1
",600+3,2021-05-24 21:05:48,True,8/5p2/3p4/8/3p4/4k3/4q3/4K3 w - -,rapid,chess,"{'rating': 1207, 'result': 'checkmated', '@id': 'https://api.chess.com/pub/player/dpgu', 'username': 'dpgu'}","{'rating': 1545, 'result': 'win', '@id': 'https://api.chess.com/pub/player/vitormusachio', 'username': 'vitormusachio'}",https://www.chess.com/openings/Queens-Pawn-Opening-Accelerated-London-System
https://www.chess.com/game/live/15628366173,"[Event ""Live Chess""]
[Site ""Chess.com""]
[Date ""2021.05.24""]
[Round ""-""]
[White ""brunomacielfonseca""]
[Black ""gabsurita""]
[Result ""1-0""]
[CurrentPosition ""1k4Q1/qp2R3/2p5/8/6P1/3P4/1P3bK1/2r5 b - -""]
[Timezone ""UTC""]
[ECO ""B01""]
[ECOUrl ""https://www.chess.com/openings/Scandinavian-Defense-Mieses-Kotrc-Main-Line""]
[UTCDate ""2021.05.24""]
[UTCTime ""20:48:22""]
[WhiteElo ""1064""]
[BlackElo ""963""]
[TimeControl ""600+3""]
[Termination ""brunomacielfonseca won by checkmate""]
[StartTime ""20:48:22""]
[EndDate ""2021.05.24""]
[EndTime ""21:03:57""]
[Link ""https://www.chess.com/game/live/15628366173""]

1. e4 {[%clk 0:09:57.1]} 1... d5 {[%clk 0:10:01.3]} 2. exd5 {[%clk 0:09:58]} 2... Qxd5 {[%clk 0:09:59.8]} 3. Nc3 {[%clk 0:10:00.4]} 3... Qa5 {[%clk 0:10:01.3]} 4. Nf3 {[%clk 0:10:01.3]} 4... Nc6 {[%clk 0:09:57.3]} 5. d4 {[%clk 0:09:59.8]} 5... Bg4 {[%clk 0:09:45.6]} 6. Bd2 {[%clk 0:09:51.7]} 6... Nxd4 {[%clk 0:09:24.9]} 7. Nb5 {[%clk 0:09:49.3]} 7... Qb6 {[%clk 0:08:27.7]} 8. Be3 {[%clk 0:09:30.2]} 8... O-O-O {[%clk 0:08:12.9]} 9. Bd3 {[%clk 0:08:57.9]} 9... Qe6 {[%clk 0:07:24.5]} 10. Nbxd4 {[%clk 0:08:30.5]} 10... Rxd4 {[%clk 0:07:08.3]} 11. O-O {[%clk 0:08:31.9]} 11... Rd8 {[%clk 0:06:34.4]} 12. h3 {[%clk 0:08:18.1]} 12... Bh5 {[%clk 0:06:33.6]} 13. g4 {[%clk 0:08:13.9]} 13... Bg6 {[%clk 0:06:31.6]} 14. Nh4 {[%clk 0:07:52.6]} 14... Bxd3 {[%clk 0:06:24.2]} 15. cxd3 {[%clk 0:07:53.2]} 15... g6 {[%clk 0:06:02.4]} 16. Rc1 {[%clk 0:07:50.5]} 16... Bg7 {[%clk 0:05:51.7]} 17. Qc2 {[%clk 0:07:45]} 17... c6 {[%clk 0:05:44.5]} 18. Bxa7 {[%clk 0:07:29.4]} 18... h5 {[%clk 0:05:23]} 19. Rfe1 {[%clk 0:07:26.4]} 19... Qxa2 {[%clk 0:05:16]} 20. Rxe7 {[%clk 0:07:10.3]} 20... Qxa7 {[%clk 0:04:59.7]} 21. Rxf7 {[%clk 0:07:05.4]} 21... Bd4 {[%clk 0:04:49.9]} 22. Nxg6 {[%clk 0:06:39.6]} 22... Rh6 {[%clk 0:04:03.9]} 23. Ne7+ {[%clk 0:06:20.3]} 23... Nxe7 {[%clk 0:04:04.8]} 24. Rxe7 {[%clk 0:06:21.6]} 24... hxg4 {[%clk 0:03:58.3]} 25. hxg4 {[%clk 0:05:47]} 25... Rg8 {[%clk 0:03:46.5]} 26. Qe2 {[%clk 0:05:38.7]} 26... Bxf2+ {[%clk 0:02:53.2]} 27. Kf1 {[%clk 0:05:39.9]} 27... Rh1+ {[%clk 0:02:49.7]} 28. Kg2 {[%clk 0:05:41.4]} 28... Rxc1 {[%clk 0:02:49.8]} 29. Qe6+ {[%clk 0:05:38.9]} 29... Kb8 {[%clk 0:02:30.6]} 30. Qxg8# {[%clk 0:05:06.6]} 1-0
",600+3,2021-05-24 21:03:57,True,1k4Q1/qp2R3/2p5/8/6P1/3P4/1P3bK1/2r5 b - -,rapid,chess,"{'rating': 1064, 'result': 'win', '@id': 'https://api.chess.com/pub/player/brunomacielfonseca', 'username': 'brunomacielfonseca'}","{'rating': 963, 'result': 'checkmated', '@id': 'https://api.chess.com/pub/player/gabsurita', 'username': 'gabsurita'}",https://www.chess.com/openings/Scandinavian-Defense-Mieses-Kotrc-Main-Line
https://www.chess.com/game/live/15628461629,"[Event ""Live Chess""]
[Site ""Chess.com""]
[Date ""2021.05.24""]
[Round ""-""]
[White ""arthurdebert""]
[Black ""davireis""]
[Result ""1-0""]
[CurrentPosition ""rnbqkbnr/pppppppp/8/8/3P4/8/PPP1PPPP/RNBQKBNR b KQkq d3""]
[Timezone ""UTC""]
[ECO ""A40""]
[ECOUrl ""https://www.chess.com/openings/Queens-Pawn-Opening""]
[UTCDate ""2021.05.24""]
[UTCTime ""20:54:10""]
[WhiteElo ""1131""]
[BlackElo ""1115""]
[TimeControl ""600+3""]
[Termination ""arthurdebert won - game abandoned""]
[StartTime ""20:54:10""]
[EndDate ""2021.05.24""]
[EndTime ""20:54:46""]
[Link ""https://www.chess.com/game/live/15628461629""]

1. d4 {[%clk 0:09:59.5]} 1-0
",600+3,2021-05-24 20:54:46,True,rnbqkbnr/pppppppp/8/8/3P4/8/PPP1PPPP/RNBQKBNR b KQkq d3,rapid,chess,"{'rating': 1131, 'result': 'win', '@id': 'https://api.chess.com/pub/player/arthurdebert', 'username': 'arthurdebert'}","{'rating': 1115, 'result': 'abandoned', '@id': 'https://api.chess.com/pub/player/davireis', 'username': 'davireis'}",https://www.chess.com/openings/Queens-Pawn-Opening
https://www.chess.com/game/live/15628995343,"[Event ""Live Chess""]
[Site ""Chess.com""]
[Date ""2021.05.24""]
[Round ""-""]
[White ""davireis""]
[Black ""alancsrock""]
[Result ""0-1""]
[CurrentPosition ""r4br1/1pp5/2kp4/1p3R2/2P5/3P3P/PP4q1/R1B4K w - -""]
[Timezone ""UTC""]
[ECO ""C46""]
[ECOUrl ""https://www.chess.com/openings/Three-Knights-Opening""]
[UTCDate ""2021.05.24""]
[UTCTime ""21:00:14""]
[WhiteElo ""1090""]
[BlackElo ""699""]
[TimeControl ""600+3""]
[Termination ""alancsrock won by checkmate""]
[StartTime ""21:00:14""]
[EndDate ""2021.05.24""]
[EndTime ""21:09:01""]
[Link ""https://www.chess.com/game/live/15628995343""]

1. e4 {[%clk 0:09:53.7]} 1... e5 {[%clk 0:10:00.4]} 2. Nf3 {[%clk 0:09:54.9]} 2... Nc6 {[%clk 0:10:00.8]} 3. Nc3 {[%clk 0:09:54.5]} 3... d6 {[%clk 0:09:59]} 4. Bb5 {[%clk 0:09:52.9]} 4... Bg4 {[%clk 0:09:40.8]} 5. O-O {[%clk 0:09:45.2]} 5... f5 {[%clk 0:09:32.9]} 6. exf5 {[%clk 0:09:36.1]} 6... Bxf5 {[%clk 0:09:34.4]} 7. Nd5 {[%clk 0:09:30.5]} 7... e4 {[%clk 0:09:23]} 8. Re1 {[%clk 0:09:30.4]} 8... Nf6 {[%clk 0:09:10]} 9. Nd4 {[%clk 0:09:29.7]} 9... a6 {[%clk 0:09:00.4]} 10. Nxf6+ {[%clk 0:09:12.2]} 10... gxf6 {[%clk 0:08:51.6]} 11. Nxf5 {[%clk 0:09:06.3]} 11... axb5 {[%clk 0:08:43.2]} 12. Rxe4+ {[%clk 0:09:05.7]} 12... Kd7 {[%clk 0:08:30.9]} 13. Qg4 {[%clk 0:08:56.2]} 13... h5 {[%clk 0:08:16.4]} 14. Nd4+ {[%clk 0:08:49.5]} 14... hxg4 {[%clk 0:08:16.7]} 15. Nxc6 {[%clk 0:08:43.4]} 15... Kxc6 {[%clk 0:08:15.5]} 16. Rxg4 {[%clk 0:08:43.9]} 16... Qe7 {[%clk 0:08:09]} 17. h3 {[%clk 0:08:41.4]} 17... Qe1+ {[%clk 0:07:55.6]} 18. Kh2 {[%clk 0:08:40]} 18... Qxf2 {[%clk 0:07:40.2]} 19. d3 {[%clk 0:08:39.2]} 19... f5 {[%clk 0:07:27]} 20. Rf4 {[%clk 0:08:10.5]} 20... Qe1 {[%clk 0:06:38.9]} 21. Rxf5 {[%clk 0:08:08.3]} 21... Rg8 {[%clk 0:06:23.8]} 22. c4 {[%clk 0:07:41.3]} 22... Qg3+ {[%clk 0:06:14.4]} 23. Kh1 {[%clk 0:07:27.4]} 23... Qxg2# {[%clk 0:06:15.5]} 0-1
",600+3,2021-05-24 21:09:01,True,r4br1/1pp5/2kp4/1p3R2/2P5/3P3P/PP4q1/R1B4K w - -,rapid,chess,"{'rating': 1090, 'result': 'checkmated', '@id': 'https://api.chess.com/pub/player/davireis', 'username': 'davireis'}","{'rating': 699, 'result': 'win', '@id': 'https://api.chess.com/pub/player/alancsrock', 'username': 'alancsrock'}",https://www.chess.com/openings/Three-Knights-Opening
https://www.chess.com/game/live/15628997219,"[Event ""Live Chess""]
[Site ""Chess.com""]
[Date ""2021.05.24""]
[Round ""-""]
[White ""AbadEmiliano""]
[Black ""arthurdebert""]
[Result ""1-0""]
[CurrentPosition ""Q7/8/4p3/3pk1p1/8/P2BB2R/6PK/3r4 b - -""]
[Timezone ""UTC""]
[ECO ""D00""]
[ECOUrl ""https://www.chess.com/openings/Queens-Pawn-Opening-1...d5-2.e3""]
[UTCDate ""2021.05.24""]
[UTCTime ""21:00:38""]
[WhiteElo ""1119""]
[BlackElo ""1115""]
[TimeControl ""600+3""]
[Termination ""AbadEmiliano won by resignation""]
[StartTime ""21:00:38""]
[EndDate ""2021.05.24""]
[EndTime ""21:14:58""]
[Link ""https://www.chess.com/game/live/15628997219""]

1. d4 {[%clk 0:09:56.9]} 1... d5 {[%clk 0:10:01.1]} 2. e3 {[%clk 0:09:54.6]} 2... c5 {[%clk 0:10:02.8]} 3. c3 {[%clk 0:09:50]} 3... g6 {[%clk 0:10:02.6]} 4. Bd3 {[%clk 0:09:49.2]} 4... Bg7 {[%clk 0:10:05.5]} 5. f4 {[%clk 0:09:43.5]} 5... Nf6 {[%clk 0:10:08]} 6. Nf3 {[%clk 0:09:35.2]} 6... Bg4 {[%clk 0:10:06.5]} 7. O-O {[%clk 0:09:34.6]} 7... Ne4 {[%clk 0:10:05.2]} 8. Nbd2 {[%clk 0:09:26.5]} 8... f5 {[%clk 0:09:57.9]} 9. Qe1 {[%clk 0:09:21]} 9... cxd4 {[%clk 0:09:50.2]} 10. exd4 {[%clk 0:09:08.6]} 10... O-O {[%clk 0:09:52.2]} 11. Ne5 {[%clk 0:08:58.4]} 11... Bxe5 {[%clk 0:09:47.8]} 12. fxe5 {[%clk 0:08:58.7]} 12... e6 {[%clk 0:09:43.2]} 13. b3 {[%clk 0:08:55.7]} 13... Qg5 {[%clk 0:09:44]} 14. Nxe4 {[%clk 0:08:39.7]} 14... Qh5 {[%clk 0:09:41.2]} 15. Ng3 {[%clk 0:08:25.9]} 15... Qh4 {[%clk 0:09:32.9]} 16. h3 {[%clk 0:08:09.2]} 16... f4 {[%clk 0:09:26.6]} 17. hxg4 {[%clk 0:07:47.3]} 17... Qxg3 {[%clk 0:09:25.9]} 18. Qxg3 {[%clk 0:06:41.9]} 18... fxg3 {[%clk 0:09:26.8]} 19. Rxf8+ {[%clk 0:06:43.1]} 19... Kxf8 {[%clk 0:09:29.3]} 20. Bf4 {[%clk 0:06:41.8]} 20... Nc6 {[%clk 0:09:31.8]} 21. Bxg3 {[%clk 0:06:38.3]} 21... Kg7 {[%clk 0:09:31]} 22. Rf1 {[%clk 0:06:26.8]} 22... a6 {[%clk 0:09:29.2]} 23. a3 {[%clk 0:06:08.2]} 23... b5 {[%clk 0:09:28.3]} 24. c4 {[%clk 0:05:56]} 24... Na5 {[%clk 0:09:24.5]} 25. cxb5 {[%clk 0:05:52.5]} 25... Nxb3 {[%clk 0:09:26.7]} 26. bxa6 {[%clk 0:05:48.6]} 26... Nxd4 {[%clk 0:09:27.7]} 27. Rb1 {[%clk 0:05:15.9]} 27... Kh6 {[%clk 0:09:17.4]} 28. Rb7 {[%clk 0:04:39.1]} 28... Nc6 {[%clk 0:09:00.6]} 29. Bb5 {[%clk 0:04:23]} 29... Nd4 {[%clk 0:08:58.6]} 30. Bd3 {[%clk 0:03:11.7]} 30... Kg5 {[%clk 0:08:54.3]} 31. Rxh7 {[%clk 0:03:00.2]} 31... Kxg4 {[%clk 0:08:51.5]} 32. Bf2 {[%clk 0:02:50.6]} 32... g5 {[%clk 0:08:46.5]} 33. Bxd4 {[%clk 0:02:45.3]} 33... Rc8 {[%clk 0:08:34.6]} 34. a7 {[%clk 0:02:30]} 34... Rc1+ {[%clk 0:08:25.8]} 35. Kh2 {[%clk 0:02:25.9]} 35... Rd1 {[%clk 0:08:23.8]} 36. Rh3 {[%clk 0:02:04]} 36... Kf4 {[%clk 0:08:14.5]} 37. Be3+ {[%clk 0:01:50.4]} 37... Kxe5 {[%clk 0:08:14.3]} 38. a8=Q {[%clk 0:01:36.2]} 1-0
",600+3,2021-05-24 21:14:58,True,Q7/8/4p3/3pk1p1/8/P2BB2R/6PK/3r4 b - -,rapid,chess,"{'rating': 1119, 'result': 'win', '@id': 'https://api.chess.com/pub/player/abademiliano', 'username': 'AbadEmiliano'}","{'rating': 1115, 'result': 'resigned', '@id': 'https://api.chess.com/pub/player/arthurdebert', 'username': 'arthurdebert'}",https://www.chess.com/openings/Queens-Pawn-Opening-1...d5-2.e3
https://www.chess.com/game/live/15629522925,"[Event ""Live Chess""]
[Site ""Chess.com""]
[Date ""2021.05.24""]
[Round ""-""]
[White ""gabsurita""]
[Black ""vitormusachio""]
[Result ""0-1""]
[CurrentPosition ""2N3k1/1p3pp1/5p1p/p7/1r2PP2/6P1/4n1KP/8 w - a6""]
[Timezone ""UTC""]
[ECO ""D00""]
[ECOUrl ""https://www.chess.com/openings/Queens-Pawn-Opening-Levitsky-Attack""]
[UTCDate ""2021.05.24""]
[UTCTime ""21:05:50""]
[WhiteElo ""962""]
[BlackElo ""1546""]
[TimeControl ""600+3""]
[Termination ""vitormusachio won by resignation""]
[StartTime ""21:05:50""]
[EndDate ""2021.05.24""]
[EndTime ""21:24:27""]
[Link ""https://www.chess.com/game/live/15629522925""]

1. d4 {[%clk 0:09:59.7]} 1... d5 {[%clk 0:09:58.9]} 2. Bg5 {[%clk 0:09:58.6]} 2... Nf6 {[%clk 0:09:43.3]} 3. Nf3 {[%clk 0:09:52.3]} 3... Nc6 {[%clk 0:09:34.4]} 4. e3 {[%clk 0:09:44.4]} 4... Bf5 {[%clk 0:09:32.4]} 5. Bd3 {[%clk 0:09:37]} 5... Bg6 {[%clk 0:09:33.3]} 6. c4 {[%clk 0:09:04.8]} 6... h6 {[%clk 0:09:06.4]} 7. Bxf6 {[%clk 0:08:55.9]} 7... Bxd3 {[%clk 0:09:06.2]} 8. Qxd3 {[%clk 0:08:54.8]} 8... exf6 {[%clk 0:09:01.4]} 9. O-O {[%clk 0:08:42.9]} 9... dxc4 {[%clk 0:08:42.2]} 10. Qxc4 {[%clk 0:08:37.3]} 10... Bd6 {[%clk 0:08:41.1]} 11. Nc3 {[%clk 0:08:25]} 11... O-O {[%clk 0:08:41.7]} 12. Ne4 {[%clk 0:07:58.1]} 12... Re8 {[%clk 0:08:35.3]} 13. Nxd6 {[%clk 0:07:55.3]} 13... Qxd6 {[%clk 0:08:38.2]} 14. Rac1 {[%clk 0:07:47.8]} 14... Qe6 {[%clk 0:08:05.1]} 15. b3 {[%clk 0:07:30.7]} 15... Qe7 {[%clk 0:06:33.9]} 16. Qb5 {[%clk 0:06:06]} 16... Rab8 {[%clk 0:06:04.1]} 17. Rc4 {[%clk 0:05:02.9]} 17... Qd7 {[%clk 0:05:11.6]} 18. Nd2 {[%clk 0:04:01.8]} 18... Red8 {[%clk 0:05:09.7]} 19. Nf3 {[%clk 0:03:21.3]} 19... Ne7 {[%clk 0:04:36.3]} 20. Qxd7 {[%clk 0:02:55.9]} 20... Rxd7 {[%clk 0:04:39.2]} 21. Rxc7 {[%clk 0:02:56.7]} 21... Rxc7 {[%clk 0:04:32.7]} 22. Nd2 {[%clk 0:02:48.3]} 22... Rc2 {[%clk 0:04:15.7]} 23. Rd1 {[%clk 0:02:44.8]} 23... Rbc8 {[%clk 0:04:12.3]} 24. a4 {[%clk 0:02:41.6]} 24... Rc1 {[%clk 0:04:12.3]} 25. Rxc1 {[%clk 0:02:39.2]} 25... Rxc1+ {[%clk 0:04:11.8]} 26. Nf1 {[%clk 0:02:42.1]} 26... Nd5 {[%clk 0:04:12]} 27. g3 {[%clk 0:02:41.4]} 27... Rb1 {[%clk 0:04:05.5]} 28. e4 {[%clk 0:02:38.7]} 28... Nc3 {[%clk 0:04:00.5]} 29. d5 {[%clk 0:02:39.3]} 29... Rxb3 {[%clk 0:03:49.4]} 30. d6 {[%clk 0:02:36.9]} 30... Ne2+ {[%clk 0:03:48.4]} 31. Kg2 {[%clk 0:02:37.3]} 31... Rd3 {[%clk 0:03:50]} 32. Ne3 {[%clk 0:02:23.8]} 32... Rxd6 {[%clk 0:03:29.8]} 33. Nf5 {[%clk 0:02:23.7]} 33... Ra6 {[%clk 0:03:25.5]} 34. f4 {[%clk 0:02:17.8]} 34... Rxa4 {[%clk 0:03:26.7]} 35. Nd6 {[%clk 0:02:19.1]} 35... Rb4 {[%clk 0:03:18]} 36. Nc8 {[%clk 0:02:07.1]} 36... a5 {[%clk 0:03:18.8]} 0-1
",600+3,2021-05-24 21:24:27,True,2N3k1/1p3pp1/5p1p/p7/1r2PP2/6P1/4n1KP/8 w - a6,rapid,chess,"{'rating': 962, 'result': 'resigned', '@id': 'https://api.chess.com/pub/player/gabsurita', 'username': 'gabsurita'}","{'rating': 1546, 'result': 'win', '@id': 'https://api.chess.com/pub/player/vitormusachio', 'username': 'vitormusachio'}",https://www.chess.com/openings/Queens-Pawn-Opening-Levitsky-Attack
https://www.chess.com/game/live/15629523461,"[Event ""Live Chess""]
[Site ""Chess.com""]
[Date ""2021.05.24""]
[Round ""-""]
[White ""dpgu""]
[Black ""brunomacielfonseca""]
[Result ""0-1""]
[CurrentPosition ""6kr/Qp3pp1/4pqp1/6K1/3Pp1P1/3nP3/P6P/7R w - -""]
[Timezone ""UTC""]
[ECO ""D00""]
[ECOUrl ""https://www.chess.com/openings/Queens-Pawn-Opening-Accelerated-London-System""]
[UTCDate ""2021.05.24""]
[UTCTime ""21:05:49""]
[WhiteElo ""1196""]
[BlackElo ""1075""]
[TimeControl ""600+3""]
[Termination ""brunomacielfonseca won by checkmate""]
[StartTime ""21:05:49""]
[EndDate ""2021.05.24""]
[EndTime ""21:25:03""]
[Link ""https://www.chess.com/game/live/15629523461""]

1. d4 {[%clk 0:09:58.6]} 1... d5 {[%clk 0:10:01.2]} 2. Bf4 {[%clk 0:10:00]} 2... Bf5 {[%clk 0:09:59.5]} 3. Nf3 {[%clk 0:09:58.4]} 3... e6 {[%clk 0:10:01]} 4. e3 {[%clk 0:10:00]} 4... Nf6 {[%clk 0:09:59.3]} 5. Bd3 {[%clk 0:10:00.1]} 5... Bg6 {[%clk 0:09:59.7]} 6. c3 {[%clk 0:09:58.5]} 6... c5 {[%clk 0:09:57.4]} 7. Bc2 {[%clk 0:09:53.1]} 7... Bd6 {[%clk 0:09:42.1]} 8. Bg3 {[%clk 0:09:48.2]} 8... Nbd7 {[%clk 0:09:35]} 9. Nbd2 {[%clk 0:09:48.8]} 9... Qe7 {[%clk 0:09:36.1]} 10. Ne5 {[%clk 0:09:50.4]} 10... cxd4 {[%clk 0:09:05.2]} 11. cxd4 {[%clk 0:09:47.8]} 11... Rc8 {[%clk 0:09:07]} 12. Bxg6 {[%clk 0:09:29.9]} 12... hxg6 {[%clk 0:09:07.4]} 13. Rc1 {[%clk 0:09:32.2]} 13... Nb6 {[%clk 0:08:44.9]} 14. Qa4+ {[%clk 0:08:24.3]} 14... Kf8 {[%clk 0:08:30.1]} 15. Rxc8+ {[%clk 0:07:27.9]} 15... Nxc8 {[%clk 0:08:30.5]} 16. Ndf3 {[%clk 0:07:00]} 16... Bb4+ {[%clk 0:08:28]} 17. Nd2 {[%clk 0:06:41.5]} 17... Ne4 {[%clk 0:08:14.2]} 18. Nd7+ {[%clk 0:04:51.3]} 18... Kg8 {[%clk 0:07:57.9]} 19. Nc5 {[%clk 0:04:05.8]} 19... Bxd2+ {[%clk 0:07:34.9]} 20. Kd1 {[%clk 0:03:33.2]} 20... Nb6 {[%clk 0:07:29.8]} 21. Qxa7 {[%clk 0:03:22.8]} 21... Nc4 {[%clk 0:07:25.4]} 22. Nxe4 {[%clk 0:02:52.7]} 22... dxe4 {[%clk 0:07:20.2]} 23. Qb8+ {[%clk 0:02:47.5]} 23... Kh7 {[%clk 0:07:21]} 24. Qa7 {[%clk 0:02:28.1]} 24... Qb4 {[%clk 0:07:15.9]} 25. f3 {[%clk 0:01:34.7]} 25... Nxb2+ {[%clk 0:07:07.5]} 26. Ke2 {[%clk 0:01:30.4]} 26... Qc4+ {[%clk 0:04:47.2]} 27. Kxd2 {[%clk 0:01:31.4]} 27... Qd3+ {[%clk 0:04:48.7]} 28. Ke1 {[%clk 0:01:27.1]} 28... Qc3+ {[%clk 0:04:43.8]} 29. Kf2 {[%clk 0:01:19.7]} 29... Qd2+ {[%clk 0:04:33.7]} 30. Kf1 {[%clk 0:01:15.7]} 30... Qd1+ {[%clk 0:03:52.4]} 31. Be1 {[%clk 0:01:13.9]} 31... Nd3 {[%clk 0:03:49.4]} 32. g4 {[%clk 0:01:01.7]} 32... Qxe1+ {[%clk 0:03:48.9]} 33. Kg2 {[%clk 0:01:02.5]} 33... Qf2+ {[%clk 0:03:45.7]} 34. Kh3 {[%clk 0:01:02.5]} 34... Qxf3+ {[%clk 0:03:43.9]} 35. Kh4 {[%clk 0:01:03.3]} 35... Kg8+ {[%clk 0:03:42.3]} 36. Kg5 {[%clk 0:01:05.3]} 36... Qf6# {[%clk 0:03:35.2]} 0-1
",600+3,2021-05-24 21:25:03,True,6kr/Qp3pp1/4pqp1/6K1/3Pp1P1/3nP3/P6P/7R w - -,rapid,chess,"{'rating': 1196, 'result': 'checkmated', '@id': 'https://api.chess.com/pub/player/dpgu', 'username': 'dpgu'}","{'rating': 1075, 'result': 'win', '@id': 'https://api.chess.com/pub/player/brunomacielfonseca', 'username': 'brunomacielfonseca'}",https://www.chess.com/openings/Queens-Pawn-Opening-Accelerated-London-System
https://www.chess.com/game/live/15629669969,"[Event ""Live Chess""]
[Site ""Chess.com""]
[Date ""2021.05.24""]
[Round ""-""]
[White ""davireis""]
[Black ""arthurdebert""]
[Result ""1-0""]
[CurrentPosition ""r1bN1rk1/4n1bp/ppn3p1/5p2/2B5/B4N2/PPP2PPP/R2Q1RK1 b - -""]
[Timezone ""UTC""]
[ECO ""B23""]
[ECOUrl ""https://www.chess.com/openings/Sicilian-Defense-Closed-Traditional-Line-3.Nf3""]
[UTCDate ""2021.05.24""]
[UTCTime ""21:15:09""]
[WhiteElo ""1104""]
[BlackElo ""1100""]
[TimeControl ""600+3""]
[Termination ""davireis won by resignation""]
[StartTime ""21:15:09""]
[EndDate ""2021.05.24""]
[EndTime ""21:20:54""]
[Link ""https://www.chess.com/game/live/15629669969""]

1. e4 {[%clk 0:09:47.9]} 1... c5 {[%clk 0:09:58.8]} 2. Nf3 {[%clk 0:09:44]} 2... Nc6 {[%clk 0:10:01.7]} 3. Nc3 {[%clk 0:09:43.6]} 3... g6 {[%clk 0:10:03.5]} 4. d3 {[%clk 0:09:44.7]} 4... Bg7 {[%clk 0:10:06.4]} 5. Be2 {[%clk 0:09:42.9]} 5... e6 {[%clk 0:10:09.3]} 6. O-O {[%clk 0:09:43.9]} 6... Nge7 {[%clk 0:10:12.2]} 7. Bg5 {[%clk 0:09:39.9]} 7... O-O {[%clk 0:10:13.6]} 8. Nb5 {[%clk 0:09:05.9]} 8... f6 {[%clk 0:10:15.6]} 9. Be3 {[%clk 0:08:48.7]} 9... d5 {[%clk 0:10:16.1]} 10. Bxc5 {[%clk 0:08:41.7]} 10... dxe4 {[%clk 0:10:10.4]} 11. dxe4 {[%clk 0:08:39.7]} 11... a6 {[%clk 0:10:06.3]} 12. Nd6 {[%clk 0:08:18]} 12... b6 {[%clk 0:10:02.6]} 13. Ba3 {[%clk 0:07:56.8]} 13... f5 {[%clk 0:09:13.3]} 14. exf5 {[%clk 0:07:39]} 14... exf5 {[%clk 0:09:03.4]} 15. Bc4+ {[%clk 0:07:34.3]} 15... Kh8 {[%clk 0:09:02.6]} 16. Nf7+ {[%clk 0:07:08.7]} 16... Kg8 {[%clk 0:09:00.9]} 17. Nxd8+ {[%clk 0:07:07.3]} 1-0
",600+3,2021-05-24 21:20:54,True,r1bN1rk1/4n1bp/ppn3p1/5p2/2B5/B4N2/PPP2PPP/R2Q1RK1 b - -,rapid,chess,"{'rating': 1104, 'result': 'win', '@id': 'https://api.chess.com/pub/player/davireis', 'username': 'davireis'}","{'rating': 1100, 'result': 'resigned', '@id': 'https://api.chess.com/pub/player/arthurdebert', 'username': 'arthurdebert'}",https://www.chess.com/openings/Sicilian-Defense-Closed-Traditional-Line-3.Nf3
https://www.chess.com/game/live/15629671373,"[Event ""Live Chess""]
[Site ""Chess.com""]
[Date ""2021.05.24""]
[Round ""-""]
[White ""AbadEmiliano""]
[Black ""alancsrock""]
[Result ""1-0""]
[CurrentPosition ""2k3r1/2p5/2p2p2/p1Np1p2/3P1P2/2P4P/P2R2P1/R5K1 b - -""]
[Timezone ""UTC""]
[ECO ""A80""]
[ECOUrl ""https://www.chess.com/openings/Dutch-Defense-2.Nf3""]
[UTCDate ""2021.05.24""]
[UTCTime ""21:15:02""]
[WhiteElo ""1120""]
[BlackElo ""695""]
[TimeControl ""600+3""]
[Termination ""AbadEmiliano won on time""]
[StartTime ""21:15:02""]
[EndDate ""2021.05.24""]
[EndTime ""21:37:38""]
[Link ""https://www.chess.com/game/live/15629671373""]

1. d4 {[%clk 0:09:44.8]} 1... f5 {[%clk 0:09:55.7]} 2. Nf3 {[%clk 0:09:11.4]} 2... e6 {[%clk 0:09:47.8]} 3. Nc3 {[%clk 0:08:55.8]} 3... Nf6 {[%clk 0:09:34.6]} 4. Bg5 {[%clk 0:08:50.1]} 4... Bd6 {[%clk 0:09:28.7]} 5. Ne5 {[%clk 0:08:04.9]} 5... h6 {[%clk 0:08:59.8]} 6. Ng6 {[%clk 0:07:34.4]} 6... Ng8 {[%clk 0:08:19.3]} 7. Bf4 {[%clk 0:07:20.7]} 7... Nf6 {[%clk 0:08:05.4]} 8. Bg5 {[%clk 0:07:22.7]} 8... Rg8 {[%clk 0:08:05.6]} 9. Bh4 {[%clk 0:06:57.6]} 9... Bb4 {[%clk 0:07:24.9]} 10. e3 {[%clk 0:05:57.1]} 10... d6 {[%clk 0:06:54.6]} 11. Bc4 {[%clk 0:05:18.8]} 11... d5 {[%clk 0:06:19]} 12. Bb3 {[%clk 0:05:07.3]} 12... Qd6 {[%clk 0:05:28.6]} 13. O-O {[%clk 0:04:53]} 13... Nc6 {[%clk 0:04:43.2]} 14. f4 {[%clk 0:04:26.7]} 14... Bd7 {[%clk 0:04:16.4]} 15. Ne5 {[%clk 0:04:19.9]} 15... Na5 {[%clk 0:03:52.7]} 16. Bxf6 {[%clk 0:03:44.2]} 16... gxf6 {[%clk 0:03:47.1]} 17. Nxd7 {[%clk 0:03:44.3]} 17... Qxd7 {[%clk 0:03:32.6]} 18. Ba4 {[%clk 0:03:45.2]} 18... Nc6 {[%clk 0:03:15.4]} 19. Qh5+ {[%clk 0:03:07.9]} 19... Qf7 {[%clk 0:02:50.1]} 20. Qxh6 {[%clk 0:02:41.1]} 20... O-O-O {[%clk 0:02:45.2]} 21. Qh4 {[%clk 0:02:22.3]} 21... e5 {[%clk 0:02:28.7]} 22. Bxc6 {[%clk 0:02:00.2]} 22... bxc6 {[%clk 0:02:25.2]} 23. Na4 {[%clk 0:01:46.9]} 23... exd4 {[%clk 0:01:42.2]} 24. exd4 {[%clk 0:01:42.6]} 24... Rh8 {[%clk 0:01:42.2]} 25. Qf2 {[%clk 0:01:40]} 25... Qh5 {[%clk 0:01:35.1]} 26. h3 {[%clk 0:01:32.6]} 26... Rde8 {[%clk 0:01:10.6]} 27. c3 {[%clk 0:01:31.2]} 27... Re2 {[%clk 0:00:58.7]} 28. Qf3 {[%clk 0:01:08.5]} 28... Qxf3 {[%clk 0:00:42]} 29. Rxf3 {[%clk 0:01:07.5]} 29... Rg8 {[%clk 0:00:34.6]} 30. Rf2 {[%clk 0:00:52.1]} 30... Rd2 {[%clk 0:00:09.3]} 31. Rxd2 {[%clk 0:00:52.5]} 31... Bxc3 {[%clk 0:00:08.6]} 32. bxc3 {[%clk 0:00:53.7]} 32... a5 {[%clk 0:00:05.2]} 33. Nc5 {[%clk 0:00:55.5]} 1-0
",600+3,2021-05-24 21:37:38,True,2k3r1/2p5/2p2p2/p1Np1p2/3P1P2/2P4P/P2R2P1/R5K1 b - -,rapid,chess,"{'rating': 1120, 'result': 'win', '@id': 'https://api.chess.com/pub/player/abademiliano', 'username': 'AbadEmiliano'}","{'rating': 695, 'result': 'timeout', '@id': 'https://api.chess.com/pub/player/alancsrock', 'username': 'alancsrock'}",https://www.chess.com/openings/Dutch-Defense-2.Nf3
https://www.chess.com/game/live/15630258869,"[Event ""Live Chess""]
[Site ""Chess.com""]
[Date ""2021.05.24""]
[Round ""-""]
[White ""vitormusachio""]
[Black ""arthurdebert""]
[Result ""1-0""]
[CurrentPosition ""8/8/6pp/8/P4k1P/2PBp3/4K1P1/8 b - -""]
[Timezone ""UTC""]
[ECO ""D10""]
[ECOUrl ""https://www.chess.com/openings/Slav-Defense-3.Nc3""]
[UTCDate ""2021.05.24""]
[UTCTime ""21:24:42""]
[WhiteElo ""1547""]
[BlackElo ""1098""]
[TimeControl ""600+3""]
[Termination ""vitormusachio won by resignation""]
[StartTime ""21:24:42""]
[EndDate ""2021.05.24""]
[EndTime ""21:37:15""]
[Link ""https://www.chess.com/game/live/15630258869""]

1. d4 {[%clk 0:09:59.7]} 1... d5 {[%clk 0:09:57]} 2. c4 {[%clk 0:10:01]} 2... c6 {[%clk 0:09:58.1]} 3. Nc3 {[%clk 0:10:00.4]} 3... Nf6 {[%clk 0:09:58.9]} 4. Nf3 {[%clk 0:10:01]} 4... g6 {[%clk 0:10:00.1]} 5. Bf4 {[%clk 0:10:01.8]} 5... Bg7 {[%clk 0:10:03]} 6. e3 {[%clk 0:09:53.3]} 6... Bg4 {[%clk 0:10:02.9]} 7. h3 {[%clk 0:09:54.1]} 7... Bxf3 {[%clk 0:10:03.2]} 8. Qxf3 {[%clk 0:09:55.2]} 8... O-O {[%clk 0:10:04.3]} 9. cxd5 {[%clk 0:09:56.6]} 9... cxd5 {[%clk 0:10:05.7]} 10. Be2 {[%clk 0:09:55.3]} 10... e6 {[%clk 0:10:08.6]} 11. Be5 {[%clk 0:09:44]} 11... Nbd7 {[%clk 0:10:11.2]} 12. Bf4 {[%clk 0:09:22]} 12... Re8 {[%clk 0:10:00.9]} 13. h4 {[%clk 0:09:23.2]} 13... e5 {[%clk 0:10:01.8]} 14. dxe5 {[%clk 0:08:55.3]} 14... Nxe5 {[%clk 0:09:59.6]} 15. Bxe5 {[%clk 0:08:55.9]} 15... Rxe5 {[%clk 0:09:58.7]} 16. O-O {[%clk 0:08:54.2]} 16... Qb6 {[%clk 0:09:52.6]} 17. Rab1 {[%clk 0:08:49]} 17... Rd8 {[%clk 0:09:40.1]} 18. Rfd1 {[%clk 0:08:48.6]} 18... Ne4 {[%clk 0:09:33]} 19. Nxd5 {[%clk 0:06:22.1]} 19... Qe6 {[%clk 0:09:22]} 20. Nc3 {[%clk 0:05:42.4]} 20... Nxc3 {[%clk 0:09:11.3]} 21. Rxd8+ {[%clk 0:05:41.5]} 21... Bf8 {[%clk 0:09:09.3]} 22. bxc3 {[%clk 0:05:40.3]} 22... Rf5 {[%clk 0:09:06.7]} 23. Qxb7 {[%clk 0:05:34.3]} 23... Qf6 {[%clk 0:09:03.9]} 24. Rdd1 {[%clk 0:04:54.8]} 24... Rxf2 {[%clk 0:09:01]} 25. Rf1 {[%clk 0:04:55.8]} 25... Rf5 {[%clk 0:08:47.7]} 26. Rxf5 {[%clk 0:04:31.1]} 26... Qxf5 {[%clk 0:08:47.8]} 27. Rf1 {[%clk 0:04:25.8]} 27... Qe6 {[%clk 0:08:48.3]} 28. Qxa7 {[%clk 0:04:07.1]} 28... Bh6 {[%clk 0:08:44.5]} 29. Qa8+ {[%clk 0:04:00.7]} 29... Kg7 {[%clk 0:08:45]} 30. Qf3 {[%clk 0:03:56.2]} 30... Bxe3+ {[%clk 0:08:45.6]} 31. Kh1 {[%clk 0:03:56.6]} 31... f5 {[%clk 0:08:43.9]} 32. Re1 {[%clk 0:03:56.3]} 32... Kf6 {[%clk 0:08:35.3]} 33. Bd3 {[%clk 0:03:15.4]} 33... f4 {[%clk 0:08:22.6]} 34. Rxe3 {[%clk 0:03:08.8]} 34... Qxe3 {[%clk 0:08:23.2]} 35. Qxe3 {[%clk 0:03:10.1]} 35... fxe3 {[%clk 0:08:24.7]} 36. Kg1 {[%clk 0:03:12]} 36... h6 {[%clk 0:08:25.5]} 37. a4 {[%clk 0:03:13.3]} 37... Ke5 {[%clk 0:08:27.4]} 38. Kf1 {[%clk 0:03:14.2]} 38... Kf4 {[%clk 0:08:30.3]} 39. Ke2 {[%clk 0:03:13.2]} 1-0
",600+3,2021-05-24 21:37:15,True,8/8/6pp/8/P4k1P/2PBp3/4K1P1/8 b - -,rapid,chess,"{'rating': 1547, 'result': 'win', '@id': 'https://api.chess.com/pub/player/vitormusachio', 'username': 'vitormusachio'}","{'rating': 1098, 'result': 'resigned', '@id': 'https://api.chess.com/pub/player/arthurdebert', 'username': 'arthurdebert'}",https://www.chess.com/openings/Slav-Defense-3.Nc3
https://www.chess.com/game/live/15630259691,"[Event ""Live Chess""]
[Site ""Chess.com""]
[Date ""2021.05.24""]
[Round ""-""]
[White ""davireis""]
[Black ""gabsurita""]
[Result ""1-0""]
[CurrentPosition ""1k2rbnr/pQp3pp/4Np2/8/3p2B1/3P3P/q1P2PP1/1R3RK1 b - -""]
[Timezone ""UTC""]
[ECO ""B01""]
[ECOUrl ""https://www.chess.com/openings/Scandinavian-Defense-Mieses-Kotrc-Main-Line""]
[UTCDate ""2021.05.24""]
[UTCTime ""21:24:31""]
[WhiteElo ""1112""]
[BlackElo ""957""]
[TimeControl ""600+3""]
[Termination ""davireis won by checkmate""]
[StartTime ""21:24:31""]
[EndDate ""2021.05.24""]
[EndTime ""21:36:44""]
[Link ""https://www.chess.com/game/live/15630259691""]

1. e4 {[%clk 0:09:53.8]} 1... d5 {[%clk 0:10:02.3]} 2. exd5 {[%clk 0:09:44.5]} 2... Qxd5 {[%clk 0:09:55.1]} 3. Nc3 {[%clk 0:09:42.4]} 3... Qa5 {[%clk 0:09:57]} 4. Nf3 {[%clk 0:09:29.2]} 4... Bg4 {[%clk 0:09:55.5]} 5. Be2 {[%clk 0:09:28.4]} 5... Nc6 {[%clk 0:09:42.1]} 6. O-O {[%clk 0:09:29.5]} 6... O-O-O {[%clk 0:09:42.8]} 7. h3 {[%clk 0:09:21.9]} 7... Bh5 {[%clk 0:09:35.8]} 8. d3 {[%clk 0:08:45.6]} 8... e5 {[%clk 0:09:07.8]} 9. Bd2 {[%clk 0:08:34.2]} 9... Qb6 {[%clk 0:08:11.8]} 10. Be3 {[%clk 0:08:17.7]} 10... Qxb2 {[%clk 0:07:44.1]} 11. Ne4 {[%clk 0:07:33.9]} 11... Nd4 {[%clk 0:06:39.9]} 12. Bxd4 {[%clk 0:07:02.7]} 12... exd4 {[%clk 0:06:34.6]} 13. Nfg5 {[%clk 0:06:56.8]} 13... Bg6 {[%clk 0:05:55.4]} 14. Bg4+ {[%clk 0:06:39.1]} 14... Kb8 {[%clk 0:05:45.4]} 15. Qf3 {[%clk 0:06:26.4]} 15... f6 {[%clk 0:05:05]} 16. Ne6 {[%clk 0:06:12.7]} 16... Bxe4 {[%clk 0:04:23.9]} 17. Qxe4 {[%clk 0:06:05.3]} 17... Re8 {[%clk 0:04:03.3]} 18. Rab1 {[%clk 0:06:04]} 18... Qxa2 {[%clk 0:03:58.4]} 19. Qxb7# {[%clk 0:05:49.6]} 1-0
",600+3,2021-05-24 21:36:44,True,1k2rbnr/pQp3pp/4Np2/8/3p2B1/3P3P/q1P2PP1/1R3RK1 b - -,rapid,chess,"{'rating': 1112, 'result': 'win', '@id': 'https://api.chess.com/pub/player/davireis', 'username': 'davireis'}","{'rating': 957, 'result': 'checkmated', '@id': 'https://api.chess.com/pub/player/gabsurita', 'username': 'gabsurita'}",https://www.chess.com/openings/Scandinavian-Defense-Mieses-Kotrc-Main-Line
https://www.chess.com/game/live/15631344287,"[Event ""Live Chess""]
[Site ""Chess.com""]
[Date ""2021.05.24""]
[Round ""-""]
[White ""vitormusachio""]
[Black ""dpgu""]
[Result ""1-0""]
[CurrentPosition ""N7/pp2k1pp/2nbb3/3P4/8/4PN2/PP4PP/R2R2K1 b - -""]
[Timezone ""UTC""]
[ECO ""A85""]
[ECOUrl ""https://www.chess.com/openings/Dutch-Defense-Queens-Knight-Variation""]
[UTCDate ""2021.05.24""]
[UTCTime ""21:37:17""]
[WhiteElo ""1549""]
[BlackElo ""1194""]
[TimeControl ""600+3""]
[Termination ""vitormusachio won by resignation""]
[StartTime ""21:37:17""]
[EndDate ""2021.05.24""]
[EndTime ""21:45:27""]
[Link ""https://www.chess.com/game/live/15631344287""]

1. d4 {[%clk 0:10:00]} 1... f5 {[%clk 0:09:59.2]} 2. c4 {[%clk 0:09:59.5]} 2... Nf6 {[%clk 0:09:59.5]} 3. Nc3 {[%clk 0:09:59.9]} 3... e6 {[%clk 0:09:44.9]} 4. Bg5 {[%clk 0:09:58.4]} 4... Be7 {[%clk 0:09:45.8]} 5. Nf3 {[%clk 0:09:59.4]} 5... O-O {[%clk 0:09:47.1]} 6. e3 {[%clk 0:09:48.4]} 6... d5 {[%clk 0:09:45.6]} 7. cxd5 {[%clk 0:09:08]} 7... exd5 {[%clk 0:09:34.5]} 8. Bxf6 {[%clk 0:09:05.7]} 8... Rxf6 {[%clk 0:09:30.8]} 9. Qb3 {[%clk 0:09:03.2]} 9... Rb6 {[%clk 0:09:05.2]} 10. Qxd5+ {[%clk 0:08:48.4]} 10... Qxd5 {[%clk 0:09:04.3]} 11. Nxd5 {[%clk 0:08:51.3]} 11... Re6 {[%clk 0:08:43.8]} 12. Nxc7 {[%clk 0:08:49.5]} 12... f4 {[%clk 0:08:28.3]} 13. Bc4 {[%clk 0:08:31]} 13... fxe3 {[%clk 0:08:00.4]} 14. Bxe6+ {[%clk 0:08:29.7]} 14... Bxe6 {[%clk 0:08:01.1]} 15. fxe3 {[%clk 0:08:20.1]} 15... Nc6 {[%clk 0:07:37.2]} 16. Nxa8 {[%clk 0:08:16.5]} 16... Bd6 {[%clk 0:07:26.8]} 17. O-O {[%clk 0:07:52]} 17... Kf8 {[%clk 0:06:50.3]} 18. Rfd1 {[%clk 0:07:51.5]} 18... Ke7 {[%clk 0:06:48.1]} 19. d5 {[%clk 0:07:51.6]} 1-0
",600+3,2021-05-24 21:45:27,True,N7/pp2k1pp/2nbb3/3P4/8/4PN2/PP4PP/R2R2K1 b - -,rapid,chess,"{'rating': 1549, 'result': 'win', '@id': 'https://api.chess.com/pub/player/vitormusachio', 'username': 'vitormusachio'}","{'rating': 1194, 'result': 'resigned', '@id': 'https://api.chess.com/pub/player/dpgu', 'username': 'dpgu'}",https://www.chess.com/openings/Dutch-Defense-Queens-Knight-Variation
https://www.chess.com/game/live/15631345085,"[Event ""Live Chess""]
[Site ""Chess.com""]
[Date ""2021.05.24""]
[Round ""-""]
[White ""brunomacielfonseca""]
[Black ""davireis""]
[Result ""0-1""]
[CurrentPosition ""r4r2/pp3pkp/1b5N/3q4/5nP1/8/PP1N1PP1/R3R1K1 b - -""]
[Timezone ""UTC""]
[ECO ""C50""]
[ECOUrl ""https://www.chess.com/openings/Italian-Game""]
[UTCDate ""2021.05.24""]
[UTCTime ""21:37:20""]
[WhiteElo ""1068""]
[BlackElo ""1123""]
[TimeControl ""600+3""]
[Termination ""davireis won by resignation""]
[StartTime ""21:37:20""]
[EndDate ""2021.05.24""]
[EndTime ""21:46:53""]
[Link ""https://www.chess.com/game/live/15631345085""]

1. e4 {[%clk 0:10:00.2]} 1... e5 {[%clk 0:09:51.9]} 2. Nf3 {[%clk 0:10:00.7]} 2... Nc6 {[%clk 0:09:50.6]} 3. Bc4 {[%clk 0:10:00.7]} 3... Nh6 {[%clk 0:09:13.2]} 4. c3 {[%clk 0:09:28.6]} 4... Bc5 {[%clk 0:08:41.3]} 5. d4 {[%clk 0:09:26.7]} 5... exd4 {[%clk 0:08:35.1]} 6. cxd4 {[%clk 0:09:26]} 6... Bb6 {[%clk 0:08:33.7]} 7. Bxh6 {[%clk 0:09:25.4]} 7... gxh6 {[%clk 0:08:25.3]} 8. d5 {[%clk 0:09:07.1]} 8... Ne7 {[%clk 0:08:17]} 9. O-O {[%clk 0:08:36.7]} 9... d6 {[%clk 0:08:12.9]} 10. h3 {[%clk 0:08:36]} 10... Ng6 {[%clk 0:08:00.1]} 11. Re1 {[%clk 0:08:16.7]} 11... O-O {[%clk 0:07:48.7]} 12. Nbd2 {[%clk 0:08:11.4]} 12... c6 {[%clk 0:07:44.6]} 13. e5 {[%clk 0:07:42]} 13... cxd5 {[%clk 0:07:29.1]} 14. Bxd5 {[%clk 0:07:39]} 14... dxe5 {[%clk 0:07:20.2]} 15. Nxe5 {[%clk 0:07:31.8]} 15... Qxd5 {[%clk 0:06:46.9]} 16. Ng4 {[%clk 0:06:47.6]} 16... Nf4 {[%clk 0:06:38.5]} 17. Nxh6+ {[%clk 0:06:44]} 17... Kg7 {[%clk 0:06:15]} 18. Qg4+ {[%clk 0:06:20.7]} 18... Bxg4 {[%clk 0:06:07.7]} 19. hxg4 {[%clk 0:06:21]} 0-1
",600+3,2021-05-24 21:46:53,True,r4r2/pp3pkp/1b5N/3q4/5nP1/8/PP1N1PP1/R3R1K1 b - -,rapid,chess,"{'rating': 1068, 'result': 'resigned', '@id': 'https://api.chess.com/pub/player/brunomacielfonseca', 'username': 'brunomacielfonseca'}","{'rating': 1123, 'result': 'win', '@id': 'https://api.chess.com/pub/player/davireis', 'username': 'davireis'}",https://www.chess.com/openings/Italian-Game
https://www.chess.com/game/live/15631346407,"[Event ""Live Chess""]
[Site ""Chess.com""]
[Date ""2021.05.24""]
[Round ""-""]
[White ""arthurdebert""]
[Black ""gabsurita""]
[Result ""1-0""]
[CurrentPosition ""R4k2/8/5K2/8/8/p7/8/r7 b - -""]
[Timezone ""UTC""]
[ECO ""D06""]
[ECOUrl ""https://www.chess.com/openings/Queens-Gambit-Declined-Austrian-Variation""]
[UTCDate ""2021.05.24""]
[UTCTime ""21:37:47""]
[WhiteElo ""1106""]
[BlackElo ""952""]
[TimeControl ""600+3""]
[Termination ""arthurdebert won by checkmate""]
[StartTime ""21:37:47""]
[EndDate ""2021.05.24""]
[EndTime ""21:53:22""]
[Link ""https://www.chess.com/game/live/15631346407""]

1. d4 {[%clk 0:09:59.3]} 1... d5 {[%clk 0:09:59.1]} 2. c4 {[%clk 0:10:02.2]} 2... c5 {[%clk 0:09:56.2]} 3. e3 {[%clk 0:10:03.5]} 3... Nf6 {[%clk 0:09:34.4]} 4. Nc3 {[%clk 0:09:59.7]} 4... Bg4 {[%clk 0:09:27.5]} 5. Be2 {[%clk 0:09:53.5]} 5... Bxe2 {[%clk 0:08:40.8]} 6. Ngxe2 {[%clk 0:09:54.1]} 6... e6 {[%clk 0:08:27.5]} 7. cxd5 {[%clk 0:09:54]} 7... cxd4 {[%clk 0:08:20.1]} 8. Nxd4 {[%clk 0:09:53.3]} 8... exd5 {[%clk 0:08:13]} 9. Qa4+ {[%clk 0:09:49.8]} 9... Nfd7 {[%clk 0:07:45.8]} 10. Nxd5 {[%clk 0:09:48.5]} 10... Bc5 {[%clk 0:06:59.6]} 11. O-O {[%clk 0:09:47.6]} 11... O-O {[%clk 0:06:51.4]} 12. b4 {[%clk 0:09:37.8]} 12... Bxd4 {[%clk 0:06:38.6]} 13. exd4 {[%clk 0:09:39.2]} 13... Nc6 {[%clk 0:06:19.3]} 14. Bb2 {[%clk 0:09:29.1]} 14... Nf6 {[%clk 0:05:59.9]} 15. Qb3 {[%clk 0:09:13.4]} 15... Nxd5 {[%clk 0:05:51.7]} 16. Ba3 {[%clk 0:09:10.2]} 16... Nxd4 {[%clk 0:05:29]} 17. Qc4 {[%clk 0:09:07.6]} 17... Nb6 {[%clk 0:05:05.6]} 18. Qd3 {[%clk 0:09:01.3]} 18... Rc8 {[%clk 0:04:19.2]} 19. Rad1 {[%clk 0:08:48.5]} 19... Nc2 {[%clk 0:04:00.8]} 20. Qxc2 {[%clk 0:08:44]} 20... Rxc2 {[%clk 0:03:55.1]} 21. Rxd8 {[%clk 0:08:44.2]} 21... Rxd8 {[%clk 0:03:56.6]} 22. b5 {[%clk 0:08:29.7]} 22... f6 {[%clk 0:03:34.7]} 23. Re1 {[%clk 0:08:29]} 23... Rxa2 {[%clk 0:03:16.3]} 24. Be7 {[%clk 0:08:26.4]} 24... Rdd2 {[%clk 0:02:54.6]} 25. Bc5 {[%clk 0:08:25.6]} 25... Kf7 {[%clk 0:02:36.6]} 26. h3 {[%clk 0:08:22.5]} 26... Kg6 {[%clk 0:02:27.5]} 27. Re3 {[%clk 0:08:15]} 27... Rxf2 {[%clk 0:02:14.7]} 28. Rg3+ {[%clk 0:08:11.3]} 28... Kf7 {[%clk 0:01:50]} 29. Bxf2 {[%clk 0:08:12.9]} 29... a6 {[%clk 0:01:44.1]} 30. Kh2 {[%clk 0:08:13]} 30... Rxf2 {[%clk 0:01:33.5]} 31. Rb3 {[%clk 0:08:09.3]} 31... Rf5 {[%clk 0:01:26.2]} 32. bxa6 {[%clk 0:08:09.5]} 32... bxa6 {[%clk 0:01:07]} 33. Rxb6 {[%clk 0:08:10.7]} 33... a5 {[%clk 0:01:08.1]} 34. Rb7+ {[%clk 0:08:13.6]} 34... Kg6 {[%clk 0:01:08.5]} 35. Ra7 {[%clk 0:08:16.4]} 35... h5 {[%clk 0:01:07]} 36. g4 {[%clk 0:08:19.1]} 36... hxg4 {[%clk 0:01:06.9]} 37. hxg4 {[%clk 0:08:21.6]} 37... Rf2+ {[%clk 0:01:02.4]} 38. Kg3 {[%clk 0:08:23.6]} 38... Ra2 {[%clk 0:01:04.7]} 39. Kf4 {[%clk 0:08:24.5]} 39... Kh7 {[%clk 0:01:02.1]} 40. Kf5 {[%clk 0:08:22.8]} 40... Ra4 {[%clk 0:01:02.1]} 41. g5 {[%clk 0:08:23.1]} 41... fxg5 {[%clk 0:01:03.6]} 42. Kxg5 {[%clk 0:08:24.7]} 42... Kg8 {[%clk 0:01:02.1]} 43. Kg6 {[%clk 0:08:24.8]} 43... Ra1 {[%clk 0:01:02.5]} 44. Rxg7+ {[%clk 0:08:25.6]} 44... Kf8 {[%clk 0:01:00.3]} 45. Kf6 {[%clk 0:08:24.2]} 45... a4 {[%clk 0:01:01.2]} 46. Ra7 {[%clk 0:08:23]} 46... a3 {[%clk 0:01:02.9]} 47. Ra8# {[%clk 0:08:24.8]} 1-0
",600+3,2021-05-24 21:53:22,True,R4k2/8/5K2/8/8/p7/8/r7 b - -,rapid,chess,"{'rating': 1106, 'result': 'win', '@id': 'https://api.chess.com/pub/player/arthurdebert', 'username': 'arthurdebert'}","{'rating': 952, 'result': 'checkmated', '@id': 'https://api.chess.com/pub/player/gabsurita', 'username': 'gabsurita'}",https://www.chess.com/openings/Queens-Gambit-Declined-Austrian-Variation
https://www.chess.com/game/live/15631918163,"[Event ""Live Chess""]
[Site ""Chess.com""]
[Date ""2021.05.24""]
[Round ""-""]
[White ""vitormusachio""]
[Black ""alancsrock""]
[Result ""1-0""]
[CurrentPosition ""8/8/1p6/1N6/1P6/P1N5/Q4RP1/k5K1 b - -""]
[Timezone ""UTC""]
[ECO ""A84""]
[ECOUrl ""https://www.chess.com/openings/Dutch-Defense-Classical-Rubinstein-Variation""]
[UTCDate ""2021.05.24""]
[UTCTime ""21:45:34""]
[WhiteElo ""1549""]
[BlackElo ""695""]
[TimeControl ""600+3""]
[Termination ""vitormusachio won by checkmate""]
[StartTime ""21:45:34""]
[EndDate ""2021.05.24""]
[EndTime ""22:00:46""]
[Link ""https://www.chess.com/game/live/15631918163""]

1. d4 {[%clk 0:10:00.6]} 1... f5 {[%clk 0:09:59.8]} 2. c4 {[%clk 0:10:00.6]} 2... e6 {[%clk 0:09:48.3]} 3. Nc3 {[%clk 0:10:01.3]} 3... Nf6 {[%clk 0:09:40.1]} 4. Nf3 {[%clk 0:10:02.4]} 4... d5 {[%clk 0:09:39.6]} 5. Bg5 {[%clk 0:09:57.4]} 5... Be7 {[%clk 0:09:34.6]} 6. e3 {[%clk 0:09:45.9]} 6... O-O {[%clk 0:09:33.3]} 7. Be2 {[%clk 0:09:40.3]} 7... dxc4 {[%clk 0:09:28.3]} 8. Bxc4 {[%clk 0:09:41.3]} 8... b6 {[%clk 0:09:21.1]} 9. Ne5 {[%clk 0:09:28.9]} 9... c5 {[%clk 0:09:14.8]} 10. dxc5 {[%clk 0:09:19.1]} 10... Bxc5 {[%clk 0:09:08.8]} 11. Qxd8 {[%clk 0:09:13.2]} 11... Rxd8 {[%clk 0:09:07.7]} 12. Bxf6 {[%clk 0:09:14.8]} 12... gxf6 {[%clk 0:09:07.2]} 13. Nf3 {[%clk 0:09:13.9]} 13... Ba6 {[%clk 0:08:51]} 14. Bxa6 {[%clk 0:09:13]} 14... Nxa6 {[%clk 0:08:52.1]} 15. O-O {[%clk 0:09:14.4]} 15... Nb4 {[%clk 0:08:38.3]} 16. a3 {[%clk 0:08:58]} 16... Nc2 {[%clk 0:08:17.8]} 17. Rac1 {[%clk 0:08:55.3]} 17... f4 {[%clk 0:07:31.4]} 18. Rxc2 {[%clk 0:08:46.8]} 18... fxe3 {[%clk 0:07:31.5]} 19. fxe3 {[%clk 0:08:43.3]} 19... Bxe3+ {[%clk 0:07:31.9]} 20. Kh1 {[%clk 0:08:45.2]} 20... Rac8 {[%clk 0:07:22.2]} 21. Re2 {[%clk 0:08:46.1]} 21... Rd3 {[%clk 0:06:31.1]} 22. Rfe1 {[%clk 0:08:42.8]} 22... Bc5 {[%clk 0:05:58.7]} 23. Rxe6 {[%clk 0:08:40.7]} 23... Rcd8 {[%clk 0:05:42]} 24. Re8+ {[%clk 0:08:38.9]} 24... Rxe8 {[%clk 0:05:17.8]} 25. Rxe8+ {[%clk 0:08:39.3]} 25... Bf8 {[%clk 0:05:16.8]} 26. h3 {[%clk 0:08:17.5]} 26... Kf7 {[%clk 0:04:56.9]} 27. Ra8 {[%clk 0:08:03]} 27... Rd2 {[%clk 0:04:22.9]} 28. Nxd2 {[%clk 0:08:02.9]} 28... Bd6 {[%clk 0:04:10.7]} 29. Rxa7+ {[%clk 0:08:02.1]} 29... Ke6 {[%clk 0:04:09.9]} 30. Nde4 {[%clk 0:07:56.9]} 30... Ke5 {[%clk 0:04:01.5]} 31. Rxh7 {[%clk 0:07:55.9]} 31... Kf4 {[%clk 0:03:58.5]} 32. Nxd6 {[%clk 0:07:56.2]} 32... Kg3 {[%clk 0:03:59]} 33. Rg7+ {[%clk 0:07:56.4]} 33... Kf2 {[%clk 0:03:57.2]} 34. Kh2 {[%clk 0:07:57.1]} 34... Ke3 {[%clk 0:03:54.6]} 35. Rg4 {[%clk 0:07:58.6]} 35... Kd2 {[%clk 0:03:55.8]} 36. Rg3 {[%clk 0:07:57.6]} 36... Kc2 {[%clk 0:03:55.8]} 37. b4 {[%clk 0:07:59.7]} 37... Kb3 {[%clk 0:03:55.5]} 38. Ndb5 {[%clk 0:07:54.6]} 38... f5 {[%clk 0:03:43.7]} 39. Kg1 {[%clk 0:07:35.1]} 39... f4 {[%clk 0:03:44.1]} 40. Rf3 {[%clk 0:07:36.5]} 40... Kc4 {[%clk 0:03:37.7]} 41. Rxf4+ {[%clk 0:07:36.3]} 41... Kb3 {[%clk 0:03:32.4]} 42. h4 {[%clk 0:07:17.5]} 42... Kc2 {[%clk 0:03:32.4]} 43. Nd5 {[%clk 0:07:15.8]} 43... Kb3 {[%clk 0:03:32.9]} 44. h5 {[%clk 0:07:10.6]} 44... Ka4 {[%clk 0:03:33.9]} 45. Ndc3+ {[%clk 0:07:10.4]} 45... Kb3 {[%clk 0:03:28.9]} 46. h6 {[%clk 0:07:11.4]} 46... Kc2 {[%clk 0:03:25.8]} 47. h7 {[%clk 0:07:04.3]} 47... Kb3 {[%clk 0:03:26.7]} 48. h8=Q {[%clk 0:06:57.9]} 48... Kc2 {[%clk 0:03:27.5]} 49. Qh7+ {[%clk 0:06:57.6]} 49... Kb3 {[%clk 0:03:28]} 50. Qf7+ {[%clk 0:06:59.2]} 50... Kb2 {[%clk 0:03:28.5]} 51. Rf2+ {[%clk 0:06:57.4]} 51... Ka1 {[%clk 0:03:23.8]} 52. Qa2# {[%clk 0:06:59]} 1-0
",600+3,2021-05-24 22:00:46,True,8/8/1p6/1N6/1P6/P1N5/Q4RP1/k5K1 b - -,rapid,chess,"{'rating': 1549, 'result': 'win', '@id': 'https://api.chess.com/pub/player/vitormusachio', 'username': 'vitormusachio'}","{'rating': 695, 'result': 'checkmated', '@id': 'https://api.chess.com/pub/player/alancsrock', 'username': 'alancsrock'}",https://www.chess.com/openings/Dutch-Defense-Classical-Rubinstein-Variation
